"metric","topn","val","method","spl"
"acc",1,0.439024390243902,"linear",1
"binacc",1,0.853658536585366,"linear",1
"eacc",1,0.560975609756098,"linear",1
"ebinacc",1,0.146341463414634,"linear",1
"nll",1,1.37153553477431,"linear",1
"binnll",1,0.295499428797252,"linear",1
"rps",1,0.0929573484635312,"linear",1
"cint",1,-7.44898645800154,"linear",1
"cslope",1,0.393729414052529,"linear",1
"brier",1,0.0880691638841911,"linear",1
"auc",1,0.797297297297297,"linear",1
"eauc",1,0.202702702702703,"linear",1
"qwk",1,0.286502546689304,"linear",1
"eqwk",1,0.713497453310696,"linear",1
"acc",2,0.439024390243902,"linear",1
"binacc",2,0.829268292682927,"linear",1
"eacc",2,0.560975609756098,"linear",1
"ebinacc",2,0.170731707317073,"linear",1
"nll",2,1.33883852482853,"linear",1
"binnll",2,0.28579980012826,"linear",1
"rps",2,0.0946097570637038,"linear",1
"cint",2,-7.63776070650776,"linear",1
"cslope",2,0.423741800249506,"linear",1
"brier",2,0.093930672476895,"linear",1
"auc",2,0.858108108108108,"linear",1
"eauc",2,0.141891891891892,"linear",1
"qwk",2,0.345902828136331,"linear",1
"eqwk",2,0.654097171863669,"linear",1
"acc",3,0.414634146341463,"linear",1
"binacc",3,0.853658536585366,"linear",1
"eacc",3,0.585365853658537,"linear",1
"ebinacc",3,0.146341463414634,"linear",1
"nll",3,1.34036452603806,"linear",1
"binnll",3,0.279692434357853,"linear",1
"rps",3,0.0945910483658376,"linear",1
"cint",3,-7.81558300115199,"linear",1
"cslope",3,0.447494153436915,"linear",1
"brier",3,0.090046605861032,"linear",1
"auc",3,0.837837837837838,"linear",1
"eauc",3,0.162162162162162,"linear",1
"qwk",3,0.309138042773817,"linear",1
"eqwk",3,0.690861957226183,"linear",1
"acc",4,0.390243902439024,"linear",1
"binacc",4,0.853658536585366,"linear",1
"eacc",4,0.609756097560976,"linear",1
"ebinacc",4,0.146341463414634,"linear",1
"nll",4,1.32328500739475,"linear",1
"binnll",4,0.26126985755147,"linear",1
"rps",4,0.0940067699269154,"linear",1
"cint",4,-7.83167874596335,"linear",1
"cslope",4,0.474924316434592,"linear",1
"brier",4,0.0847929751225523,"linear",1
"auc",4,0.878378378378378,"linear",1
"eauc",4,0.121621621621622,"linear",1
"qwk",4,0.427906976744186,"linear",1
"eqwk",4,0.572093023255814,"linear",1
"acc",5,0.414634146341463,"linear",1
"binacc",5,0.853658536585366,"linear",1
"eacc",5,0.585365853658537,"linear",1
"ebinacc",5,0.146341463414634,"linear",1
"nll",5,1.31765311312357,"linear",1
"binnll",5,0.248215544059298,"linear",1
"rps",5,0.0928539645899235,"linear",1
"cint",5,-7.81059412521175,"linear",1
"cslope",5,0.495111867791255,"linear",1
"brier",5,0.0800815976242818,"linear",1
"auc",5,0.891891891891892,"linear",1
"eauc",5,0.108108108108108,"linear",1
"qwk",5,0.339270568278202,"linear",1
"eqwk",5,0.660729431721798,"linear",1
"acc",1,0.439024390243902,"log-linear",1
"binacc",1,0.853658536585366,"log-linear",1
"eacc",1,0.560975609756098,"log-linear",1
"ebinacc",1,0.146341463414634,"log-linear",1
"nll",1,1.37153553477431,"log-linear",1
"binnll",1,0.295499428797252,"log-linear",1
"rps",1,0.0929573484635312,"log-linear",1
"cint",1,-7.44898645800157,"log-linear",1
"cslope",1,0.393729414052529,"log-linear",1
"brier",1,0.0880691638841911,"log-linear",1
"auc",1,0.797297297297297,"log-linear",1
"eauc",1,0.202702702702703,"log-linear",1
"qwk",1,0.286502546689304,"log-linear",1
"eqwk",1,0.713497453310696,"log-linear",1
"acc",2,0.439024390243902,"log-linear",1
"binacc",2,0.829268292682927,"log-linear",1
"eacc",2,0.560975609756098,"log-linear",1
"ebinacc",2,0.170731707317073,"log-linear",1
"nll",2,1.34110457955784,"log-linear",1
"binnll",2,0.288147817267215,"log-linear",1
"rps",2,0.0950335550454773,"log-linear",1
"cint",2,-7.6590746019795,"log-linear",1
"cslope",2,0.418534836993985,"log-linear",1
"brier",2,0.0949821418093129,"log-linear",1
"auc",2,0.858108108108108,"log-linear",1
"eauc",2,0.141891891891892,"log-linear",1
"qwk",2,0.345902828136331,"log-linear",1
"eqwk",2,0.654097171863669,"log-linear",1
"acc",3,0.439024390243902,"log-linear",1
"binacc",3,0.853658536585366,"log-linear",1
"eacc",3,0.560975609756098,"log-linear",1
"ebinacc",3,0.146341463414634,"log-linear",1
"nll",3,1.34167651079246,"log-linear",1
"binnll",3,0.282139136658872,"log-linear",1
"rps",3,0.0950680709622416,"log-linear",1
"cint",3,-7.85309811678549,"log-linear",1
"cslope",3,0.442405127809011,"log-linear",1
"brier",3,0.090981065219795,"log-linear",1
"auc",3,0.831081081081081,"log-linear",1
"eauc",3,0.168918918918919,"log-linear",1
"qwk",3,0.320514883346742,"log-linear",1
"eqwk",3,0.679485116653258,"log-linear",1
"acc",4,0.414634146341463,"log-linear",1
"binacc",4,0.853658536585366,"log-linear",1
"eacc",4,0.585365853658537,"log-linear",1
"ebinacc",4,0.146341463414634,"log-linear",1
"nll",4,1.32500447949296,"log-linear",1
"binnll",4,0.263557732483293,"log-linear",1
"rps",4,0.0945213513569669,"log-linear",1
"cint",4,-7.87007438321003,"log-linear",1
"cslope",4,0.469368834474332,"log-linear",1
"brier",4,0.0857602211393858,"log-linear",1
"auc",4,0.878378378378378,"log-linear",1
"eauc",4,0.121621621621622,"log-linear",1
"qwk",4,0.415758591785415,"log-linear",1
"eqwk",4,0.584241408214585,"log-linear",1
"acc",5,0.414634146341463,"log-linear",1
"binacc",5,0.853658536585366,"log-linear",1
"eacc",5,0.585365853658537,"log-linear",1
"ebinacc",5,0.146341463414634,"log-linear",1
"nll",5,1.32112549754813,"log-linear",1
"binnll",5,0.250604852117007,"log-linear",1
"rps",5,0.0934689064605701,"log-linear",1
"cint",5,-7.84874381673246,"log-linear",1
"cslope",5,0.487532167243433,"log-linear",1
"brier",5,0.0811615484592365,"log-linear",1
"auc",5,0.891891891891892,"log-linear",1
"eauc",5,0.108108108108108,"log-linear",1
"qwk",5,0.339270568278202,"log-linear",1
"eqwk",5,0.660729431721798,"log-linear",1
"acc",1,0.439024390243902,"trafo",1
"binacc",1,0.853658536585366,"trafo",1
"eacc",1,0.560975609756098,"trafo",1
"ebinacc",1,0.146341463414634,"trafo",1
"nll",1,1.37153553477431,"trafo",1
"binnll",1,0.295499428797252,"trafo",1
"rps",1,0.0929573484635312,"trafo",1
"cint",1,-7.44898645800163,"trafo",1
"cslope",1,0.393729414052528,"trafo",1
"brier",1,0.0880691638841911,"trafo",1
"auc",1,0.797297297297297,"trafo",1
"eauc",1,0.202702702702703,"trafo",1
"qwk",1,0.286502546689304,"trafo",1
"eqwk",1,0.713497453310696,"trafo",1
"acc",2,0.439024390243902,"trafo",1
"binacc",2,0.829268292682927,"trafo",1
"eacc",2,0.560975609756098,"trafo",1
"ebinacc",2,0.170731707317073,"trafo",1
"nll",2,1.3508187760397,"trafo",1
"binnll",2,0.292557681072876,"trafo",1
"rps",2,0.0947246354967359,"trafo",1
"cint",2,-7.59909812360607,"trafo",1
"cslope",2,0.403228561389119,"trafo",1
"brier",2,0.0948146577834746,"trafo",1
"auc",2,0.824324324324324,"trafo",1
"eauc",2,0.175675675675676,"trafo",1
"qwk",2,0.345902828136331,"trafo",1
"eqwk",2,0.654097171863669,"trafo",1
"acc",3,0.414634146341463,"trafo",1
"binacc",3,0.853658536585366,"trafo",1
"eacc",3,0.585365853658537,"trafo",1
"ebinacc",3,0.146341463414634,"trafo",1
"nll",3,1.3417684431518,"trafo",1
"binnll",3,0.281596299964095,"trafo",1
"rps",3,0.0944099375299023,"trafo",1
"cint",3,-7.74744466520469,"trafo",1
"cslope",3,0.42826796926263,"trafo",1
"brier",3,0.0901681100190224,"trafo",1
"auc",3,0.837837837837838,"trafo",1
"eauc",3,0.162162162162162,"trafo",1
"qwk",3,0.388456549935149,"trafo",1
"eqwk",3,0.611543450064851,"trafo",1
"acc",4,0.414634146341463,"trafo",1
"binacc",4,0.853658536585366,"trafo",1
"eacc",4,0.585365853658537,"trafo",1
"ebinacc",4,0.146341463414634,"trafo",1
"nll",4,1.3251239104561,"trafo",1
"binnll",4,0.26378737136053,"trafo",1
"rps",4,0.0939857353755067,"trafo",1
"cint",4,-7.76757742621144,"trafo",1
"cslope",4,0.452221886008767,"trafo",1
"brier",4,0.085386019364629,"trafo",1
"auc",4,0.885135135135135,"trafo",1
"eauc",4,0.114864864864865,"trafo",1
"qwk",4,0.415758591785415,"trafo",1
"eqwk",4,0.584241408214585,"trafo",1
"acc",5,0.414634146341463,"trafo",1
"binacc",5,0.853658536585366,"trafo",1
"eacc",5,0.585365853658537,"trafo",1
"ebinacc",5,0.146341463414634,"trafo",1
"nll",5,1.31784859198753,"trafo",1
"binnll",5,0.249663112434981,"trafo",1
"rps",5,0.0927917978463984,"trafo",1
"cint",5,-7.73558045383332,"trafo",1
"cslope",5,0.474010872190851,"trafo",1
"brier",5,0.0804838088388592,"trafo",1
"auc",5,0.898648648648649,"trafo",1
"eauc",5,0.101351351351351,"trafo",1
"qwk",5,0.338372685578393,"trafo",1
"eqwk",5,0.661627314421607,"trafo",1
"acc",1,0.439024390243902,"avg",1
"binacc",1,0.853658536585366,"avg",1
"eacc",1,0.560975609756098,"avg",1
"ebinacc",1,0.146341463414634,"avg",1
"nll",1,1.37153553477431,"avg",1
"binnll",1,0.295499428797252,"avg",1
"rps",1,0.0929573484635312,"avg",1
"cint",1,-7.44898645800154,"avg",1
"cslope",1,0.393729414052529,"avg",1
"brier",1,0.0880691638841911,"avg",1
"auc",1,0.797297297297297,"avg",1
"eauc",1,0.202702702702703,"avg",1
"qwk",1,0.286502546689304,"avg",1
"eqwk",1,0.713497453310696,"avg",1
"acc",2,0.426829268292683,"avg",1
"binacc",2,0.841463414634146,"avg",1
"eacc",2,0.573170731707317,"avg",1
"ebinacc",2,0.158536585365854,"avg",1
"nll",2,1.36284265992066,"avg",1
"binnll",2,0.297419968600047,"avg",1
"rps",2,0.0956567894324515,"avg",1
"cint",2,-7.63789977064829,"avg",1
"cslope",2,0.396008526509482,"avg",1
"brier",2,0.0950825864893505,"avg",1
"auc",2,0.837837837837838,"avg",1
"eauc",2,0.162162162162162,"avg",1
"qwk",2,0.298011067707354,"avg",1
"eqwk",2,0.701988932292646,"avg",1
"acc",3,0.422764227642276,"avg",1
"binacc",3,0.853658536585366,"avg",1
"eacc",3,0.577235772357723,"avg",1
"ebinacc",3,0.146341463414634,"avg",1
"nll",3,1.36448132180472,"avg",1
"binnll",3,0.290613984644453,"avg",1
"rps",3,0.0966635955629985,"avg",1
"cint",3,-7.80998860017628,"avg",1
"cslope",3,0.415522808547063,"avg",1
"brier",3,0.0924264321262325,"avg",1
"auc",3,0.84009009009009,"avg",1
"eauc",3,0.15990990990991,"avg",1
"qwk",3,0.377188158231788,"avg",1
"eqwk",3,0.622811841768212,"avg",1
"acc",4,0.414634146341463,"avg",1
"binacc",4,0.865853658536585,"avg",1
"eacc",4,0.585365853658537,"avg",1
"ebinacc",4,0.134146341463415,"avg",1
"nll",4,1.35011203646133,"avg",1
"binnll",4,0.273069699768655,"avg",1
"rps",4,0.0960578157482123,"avg",1
"cint",4,-7.83321464681223,"avg",1
"cslope",4,0.440942736968109,"avg",1
"brier",4,0.0873227713577513,"avg",1
"auc",4,0.859797297297297,"avg",1
"eauc",4,0.140202702702703,"avg",1
"qwk",4,0.387919929569598,"avg",1
"eqwk",4,0.612080070430402,"avg",1
"acc",5,0.409756097560976,"avg",1
"binacc",5,0.868292682926829,"avg",1
"eacc",5,0.590243902439024,"avg",1
"ebinacc",5,0.131707317073171,"avg",1
"nll",5,1.34702518166946,"avg",1
"binnll",5,0.26069658528089,"avg",1
"rps",5,0.0951225465413796,"avg",1
"cint",5,-7.81683050327827,"avg",1
"cslope",5,0.457636633972269,"avg",1
"brier",5,0.0832172554844472,"avg",1
"auc",5,0.875675675675676,"avg",1
"eauc",5,0.124324324324324,"avg",1
"qwk",5,0.377766054804213,"avg",1
"eqwk",5,0.622233945195787,"avg",1
"acc",1,0.560975609756098,"linear",2
"binacc",1,1,"linear",2
"eacc",1,0.439024390243902,"linear",2
"ebinacc",1,0,"linear",2
"nll",1,1.17721787312859,"linear",2
"binnll",1,0.124850692271621,"linear",2
"rps",1,0.0989381080335439,"linear",2
"cint",1,0.752772062328956,"linear",2
"cslope",1,11.803532397281,"linear",2
"brier",1,0.0278758115086462,"linear",2
"auc",1,1,"linear",2
"eauc",1,0,"linear",2
"qwk",1,0.560359737115185,"linear",2
"eqwk",1,0.439640262884815,"linear",2
"acc",2,0.536585365853659,"linear",2
"binacc",2,0.951219512195122,"linear",2
"eacc",2,0.463414634146341,"linear",2
"ebinacc",2,0.0487804878048781,"linear",2
"nll",2,1.19010489390361,"linear",2
"binnll",2,0.1328055531562,"linear",2
"rps",2,0.100418215147407,"linear",2
"cint",2,0.813954138261963,"linear",2
"cslope",2,12.4492786498271,"linear",2
"brier",2,0.0325447205945162,"linear",2
"auc",2,1,"linear",2
"eauc",2,0,"linear",2
"qwk",2,0.34904738641915,"linear",2
"eqwk",2,0.65095261358085,"linear",2
"acc",3,0.585365853658537,"linear",2
"binacc",3,0.951219512195122,"linear",2
"eacc",3,0.414634146341463,"linear",2
"ebinacc",3,0.0487804878048781,"linear",2
"nll",3,1.17267880470067,"linear",2
"binnll",3,0.13211378457846,"linear",2
"rps",3,0.0988626511138065,"linear",2
"cint",3,0.767729079955382,"linear",2
"cslope",3,14.4350539871356,"linear",2
"brier",3,0.0320584331102282,"linear",2
"auc",3,1,"linear",2
"eauc",3,0,"linear",2
"qwk",3,0.544140538136536,"linear",2
"eqwk",3,0.455859461863464,"linear",2
"acc",4,0.560975609756098,"linear",2
"binacc",4,0.926829268292683,"linear",2
"eacc",4,0.439024390243902,"linear",2
"ebinacc",4,0.073170731707317,"linear",2
"nll",4,1.1858833649725,"linear",2
"binnll",4,0.137784394329743,"linear",2
"rps",4,0.100859489534907,"linear",2
"cint",4,0.789162451852103,"linear",2
"cslope",4,16.5425655045822,"linear",2
"brier",4,0.0346369237226025,"linear",2
"auc",4,1,"linear",2
"eauc",4,0,"linear",2
"qwk",4,0.538298584011595,"linear",2
"eqwk",4,0.461701415988405,"linear",2
"acc",5,0.560975609756098,"linear",2
"binacc",5,0.926829268292683,"linear",2
"eacc",5,0.439024390243902,"linear",2
"ebinacc",5,0.073170731707317,"linear",2
"nll",5,1.18952664247342,"linear",2
"binnll",5,0.139633648631299,"linear",2
"rps",5,0.100978759376598,"linear",2
"cint",5,0.784494088479503,"linear",2
"cslope",5,17.2043316243504,"linear",2
"brier",5,0.0351552614606048,"linear",2
"auc",5,1,"linear",2
"eauc",5,0,"linear",2
"qwk",5,0.538298584011595,"linear",2
"eqwk",5,0.461701415988405,"linear",2
"acc",1,0.560975609756098,"log-linear",2
"binacc",1,1,"log-linear",2
"eacc",1,0.439024390243902,"log-linear",2
"ebinacc",1,0,"log-linear",2
"nll",1,1.17721787312859,"log-linear",2
"binnll",1,0.124850692271621,"log-linear",2
"rps",1,0.0989381080335439,"log-linear",2
"cint",1,0.752772062328956,"log-linear",2
"cslope",1,11.803532397281,"log-linear",2
"brier",1,0.0278758115086462,"log-linear",2
"auc",1,1,"log-linear",2
"eauc",1,0,"log-linear",2
"qwk",1,0.560359737115185,"log-linear",2
"eqwk",1,0.439640262884815,"log-linear",2
"acc",2,0.536585365853659,"log-linear",2
"binacc",2,0.951219512195122,"log-linear",2
"eacc",2,0.463414634146341,"log-linear",2
"ebinacc",2,0.0487804878048781,"log-linear",2
"nll",2,1.1891072107565,"log-linear",2
"binnll",2,0.13190579299908,"log-linear",2
"rps",2,0.100236454477252,"log-linear",2
"cint",2,0.808970714628254,"log-linear",2
"cslope",2,12.3656529793114,"log-linear",2
"brier",2,0.0320604639864962,"log-linear",2
"auc",2,1,"log-linear",2
"eauc",2,0,"log-linear",2
"qwk",2,0.34904738641915,"log-linear",2
"eqwk",2,0.65095261358085,"log-linear",2
"acc",3,0.585365853658537,"log-linear",2
"binacc",3,0.951219512195122,"log-linear",2
"eacc",3,0.414634146341463,"log-linear",2
"ebinacc",3,0.0487804878048781,"log-linear",2
"nll",3,1.17147607478055,"log-linear",2
"binnll",3,0.13120679562059,"log-linear",2
"rps",3,0.0985927265724882,"log-linear",2
"cint",3,0.760325295698345,"log-linear",2
"cslope",3,14.3763825381243,"log-linear",2
"brier",3,0.0315635162085222,"log-linear",2
"auc",3,1,"log-linear",2
"eauc",3,0,"log-linear",2
"qwk",3,0.544140538136536,"log-linear",2
"eqwk",3,0.455859461863464,"log-linear",2
"acc",4,0.560975609756098,"log-linear",2
"binacc",4,0.951219512195122,"log-linear",2
"eacc",4,0.439024390243902,"log-linear",2
"ebinacc",4,0.0487804878048781,"log-linear",2
"nll",4,1.18395141055751,"log-linear",2
"binnll",4,0.136605809322747,"log-linear",2
"rps",4,0.100513712231084,"log-linear",2
"cint",4,0.781448226949767,"log-linear",2
"cslope",4,16.4171342135343,"log-linear",2
"brier",4,0.0340015877384902,"log-linear",2
"auc",4,1,"log-linear",2
"eauc",4,0,"log-linear",2
"qwk",4,0.538298584011595,"log-linear",2
"eqwk",4,0.461701415988405,"log-linear",2
"acc",5,0.560975609756098,"log-linear",2
"binacc",5,0.926829268292683,"log-linear",2
"eacc",5,0.439024390243902,"log-linear",2
"ebinacc",5,0.073170731707317,"log-linear",2
"nll",5,1.18791166549181,"log-linear",2
"binnll",5,0.138723253335356,"log-linear",2
"rps",5,0.100706630274293,"log-linear",2
"cint",5,0.777803553383072,"log-linear",2
"cslope",5,17.1064481345274,"log-linear",2
"brier",5,0.0346486692326108,"log-linear",2
"auc",5,1,"log-linear",2
"eauc",5,0,"log-linear",2
"qwk",5,0.538298584011595,"log-linear",2
"eqwk",5,0.461701415988405,"log-linear",2
"acc",1,0.560975609756098,"trafo",2
"binacc",1,1,"trafo",2
"eacc",1,0.439024390243902,"trafo",2
"ebinacc",1,0,"trafo",2
"nll",1,1.1772178731286,"trafo",2
"binnll",1,0.124850692271621,"trafo",2
"rps",1,0.0989381080335439,"trafo",2
"cint",1,0.752772062328956,"trafo",2
"cslope",1,11.8035323972354,"trafo",2
"brier",1,0.0278758115086462,"trafo",2
"auc",1,1,"trafo",2
"eauc",1,0,"trafo",2
"qwk",1,0.560359737115185,"trafo",2
"eqwk",1,0.439640262884815,"trafo",2
"acc",2,0.536585365853659,"trafo",2
"binacc",2,0.951219512195122,"trafo",2
"eacc",2,0.463414634146341,"trafo",2
"ebinacc",2,0.0487804878048781,"trafo",2
"nll",2,1.19140834013723,"trafo",2
"binnll",2,0.130991309107971,"trafo",2
"rps",2,0.100464234856711,"trafo",2
"cint",2,0.834600128748232,"trafo",2
"cslope",2,12.4737994721591,"trafo",2
"brier",2,0.0322227141667161,"trafo",2
"auc",2,1,"trafo",2
"eauc",2,0,"trafo",2
"qwk",2,0.34904738641915,"trafo",2
"eqwk",2,0.65095261358085,"trafo",2
"acc",3,0.585365853658537,"trafo",2
"binacc",3,0.951219512195122,"trafo",2
"eacc",3,0.414634146341463,"trafo",2
"ebinacc",3,0.0487804878048781,"trafo",2
"nll",3,1.17857452928933,"trafo",2
"binnll",3,0.129751312679182,"trafo",2
"rps",3,0.0991019877007401,"trafo",2
"cint",3,0.798845253021121,"trafo",2
"cslope",3,14.3410940333674,"trafo",2
"brier",3,0.0316190003320782,"trafo",2
"auc",3,1,"trafo",2
"eauc",3,0,"trafo",2
"qwk",3,0.544140538136536,"trafo",2
"eqwk",3,0.455859461863464,"trafo",2
"acc",4,0.536585365853659,"trafo",2
"binacc",4,0.926829268292683,"trafo",2
"eacc",4,0.463414634146341,"trafo",2
"ebinacc",4,0.073170731707317,"trafo",2
"nll",4,1.20395818235386,"trafo",2
"binnll",4,0.135526157595888,"trafo",2
"rps",4,0.101298665814047,"trafo",2
"cint",4,0.824694925612633,"trafo",2
"cslope",4,16.4447666748876,"trafo",2
"brier",4,0.0342764993140774,"trafo",2
"auc",4,1,"trafo",2
"eauc",4,0,"trafo",2
"qwk",4,0.30491275832199,"trafo",2
"eqwk",4,0.69508724167801,"trafo",2
"acc",5,0.560975609756098,"trafo",2
"binacc",5,0.926829268292683,"trafo",2
"eacc",5,0.439024390243902,"trafo",2
"ebinacc",5,0.073170731707317,"trafo",2
"nll",5,1.20479368730769,"trafo",2
"binnll",5,0.137458989849212,"trafo",2
"rps",5,0.101337295344599,"trafo",2
"cint",5,0.817620095372138,"trafo",2
"cslope",5,17.0656033854433,"trafo",2
"brier",5,0.034801403600987,"trafo",2
"auc",5,1,"trafo",2
"eauc",5,0,"trafo",2
"qwk",5,0.538298584011595,"trafo",2
"eqwk",5,0.461701415988405,"trafo",2
"acc",1,0.560975609756098,"avg",2
"binacc",1,1,"avg",2
"eacc",1,0.439024390243902,"avg",2
"ebinacc",1,0,"avg",2
"nll",1,1.17721787312859,"avg",2
"binnll",1,0.124850692271621,"avg",2
"rps",1,0.0989381080335439,"avg",2
"cint",1,0.752772062328956,"avg",2
"cslope",1,11.803532397281,"avg",2
"brier",1,0.0278758115086462,"avg",2
"auc",1,1,"avg",2
"eauc",1,0,"avg",2
"qwk",1,0.560359737115185,"avg",2
"eqwk",1,0.439640262884815,"avg",2
"acc",2,0.548780487804878,"avg",2
"binacc",2,0.963414634146341,"avg",2
"eacc",2,0.451219512195122,"avg",2
"ebinacc",2,0.0365853658536586,"avg",2
"nll",2,1.19741808043306,"avg",2
"binnll",2,0.133974882694203,"avg",2
"rps",2,0.100982107275628,"avg",2
"cint",2,0.81866879043339,"avg",2
"cslope",2,14.4869404908762,"avg",2
"brier",2,0.0333734431548407,"avg",2
"auc",2,1,"avg",2
"eauc",2,0,"avg",2
"qwk",2,0.485808817437547,"avg",2
"eqwk",2,0.514191182562453,"avg",2
"acc",3,0.544715447154472,"avg",2
"binacc",3,0.959349593495935,"avg",2
"eacc",3,0.455284552845528,"avg",2
"ebinacc",3,0.040650406504065,"avg",2
"nll",3,1.1888327001884,"avg",2
"binnll",3,0.133342410068713,"avg",2
"rps",3,0.0996410776673772,"avg",2
"cint",3,0.775510834343197,"avg",2
"cslope",3,27.8462543781771,"avg",2
"brier",3,0.0330374810377857,"avg",2
"auc",3,1,"avg",2
"eauc",3,0,"avg",2
"qwk",3,0.507116975457266,"avg",2
"eqwk",3,0.492883024542734,"avg",2
"acc",4,0.542682926829268,"avg",2
"binacc",4,0.945121951219512,"avg",2
"eacc",4,0.457317073170732,"avg",2
"ebinacc",4,0.0548780487804879,"avg",2
"nll",4,1.22116607726696,"avg",2
"binnll",4,0.139372081462891,"avg",2
"rps",4,0.10165803870281,"avg",2
"cint",4,0.797328553729915,"avg",2
"cslope",4,39.0110497020037,"avg",2
"brier",4,0.0357157378398824,"avg",2
"auc",4,1,"avg",2
"eauc",4,0,"avg",2
"qwk",4,0.431983238803599,"avg",2
"eqwk",4,0.568016761196401,"avg",2
"acc",5,0.546341463414634,"avg",2
"binacc",5,0.941463414634146,"avg",2
"eacc",5,0.453658536585366,"avg",2
"ebinacc",5,0.0585365853658537,"avg",2
"nll",5,1.21979055529671,"avg",2
"binnll",5,0.140975424357399,"avg",2
"rps",5,0.101688022109381,"avg",2
"cint",5,0.791935503358538,"avg",2
"cslope",5,39.0853850235524,"avg",2
"brier",5,0.0361066361875259,"avg",2
"auc",5,1,"avg",2
"eauc",5,0,"avg",2
"qwk",5,0.471266349351037,"avg",2
"eqwk",5,0.528733650648963,"avg",2
"acc",1,0.439024390243902,"linear",3
"binacc",1,0.853658536585366,"linear",3
"eacc",1,0.560975609756098,"linear",3
"ebinacc",1,0.146341463414634,"linear",3
"nll",1,2.0124863877365,"linear",3
"binnll",1,0.591115249376709,"linear",3
"rps",1,0.143194687164486,"linear",3
"cint",1,0.56003770310299,"linear",3
"cslope",1,0.325590539391686,"linear",3
"brier",1,0.139027074704114,"linear",3
"auc",1,0.697916666666667,"linear",3
"eauc",1,0.302083333333333,"linear",3
"qwk",1,0.49935957646657,"linear",3
"eqwk",1,0.50064042353343,"linear",3
"acc",2,0.463414634146341,"linear",3
"binacc",2,0.853658536585366,"linear",3
"eacc",2,0.536585365853659,"linear",3
"ebinacc",2,0.146341463414634,"linear",3
"nll",2,1.98494031635517,"linear",3
"binnll",2,0.529942134327398,"linear",3
"rps",2,0.143012132972057,"linear",3
"cint",2,0.523383779690636,"linear",3
"cslope",2,0.363297897651352,"linear",3
"brier",2,0.142302436346014,"linear",3
"auc",2,0.711805555555556,"linear",3
"eauc",2,0.288194444444444,"linear",3
"qwk",2,0.463725148238577,"linear",3
"eqwk",2,0.536274851761423,"linear",3
"acc",3,0.439024390243902,"linear",3
"binacc",3,0.853658536585366,"linear",3
"eacc",3,0.560975609756098,"linear",3
"ebinacc",3,0.146341463414634,"linear",3
"nll",3,1.84215561771098,"linear",3
"binnll",3,0.456237761353718,"linear",3
"rps",3,0.140957411061449,"linear",3
"cint",3,0.401552081347459,"linear",3
"cslope",3,0.436814189211828,"linear",3
"brier",3,0.132032687712289,"linear",3
"auc",3,0.760416666666667,"linear",3
"eauc",3,0.239583333333333,"linear",3
"qwk",3,0.452856519843,"linear",3
"eqwk",3,0.547143480157,"linear",3
"acc",4,0.439024390243902,"linear",3
"binacc",4,0.853658536585366,"linear",3
"eacc",4,0.560975609756098,"linear",3
"ebinacc",4,0.146341463414634,"linear",3
"nll",4,1.80925328548213,"linear",3
"binnll",4,0.447254831617195,"linear",3
"rps",4,0.139716564673989,"linear",3
"cint",4,0.399428799823664,"linear",3
"cslope",4,0.456837433494871,"linear",3
"brier",4,0.129129830037922,"linear",3
"auc",4,0.767361111111111,"linear",3
"eauc",4,0.232638888888889,"linear",3
"qwk",4,0.478066402890074,"linear",3
"eqwk",4,0.521933597109926,"linear",3
"acc",5,0.439024390243902,"linear",3
"binacc",5,0.853658536585366,"linear",3
"eacc",5,0.560975609756098,"linear",3
"ebinacc",5,0.146341463414634,"linear",3
"nll",5,1.79922233166439,"linear",3
"binnll",5,0.451228927455069,"linear",3
"rps",5,0.139308399428184,"linear",3
"cint",5,0.3713078133958,"linear",3
"cslope",5,0.460039861694039,"linear",3
"brier",5,0.129421012167128,"linear",3
"auc",5,0.753472222222222,"linear",3
"eauc",5,0.246527777777778,"linear",3
"qwk",5,0.485588335028823,"linear",3
"eqwk",5,0.514411664971177,"linear",3
"acc",1,0.439024390243902,"log-linear",3
"binacc",1,0.853658536585366,"log-linear",3
"eacc",1,0.560975609756098,"log-linear",3
"ebinacc",1,0.146341463414634,"log-linear",3
"nll",1,2.0124863877365,"log-linear",3
"binnll",1,0.591115249376709,"log-linear",3
"rps",1,0.143194687164486,"log-linear",3
"cint",1,0.56003770310299,"log-linear",3
"cslope",1,0.325590539391686,"log-linear",3
"brier",1,0.139027074704114,"log-linear",3
"auc",1,0.697916666666667,"log-linear",3
"eauc",1,0.302083333333333,"log-linear",3
"qwk",1,0.49935957646657,"log-linear",3
"eqwk",1,0.50064042353343,"log-linear",3
"acc",2,0.439024390243902,"log-linear",3
"binacc",2,0.853658536585366,"log-linear",3
"eacc",2,0.560975609756098,"log-linear",3
"ebinacc",2,0.146341463414634,"log-linear",3
"nll",2,1.98664353907591,"log-linear",3
"binnll",2,0.530113700260149,"log-linear",3
"rps",2,0.143174247098197,"log-linear",3
"cint",2,0.508462612512182,"log-linear",3
"cslope",2,0.362089250490445,"log-linear",3
"brier",2,0.14242571997658,"log-linear",3
"auc",2,0.711805555555556,"log-linear",3
"eauc",2,0.288194444444444,"log-linear",3
"qwk",2,0.456118773609769,"log-linear",3
"eqwk",2,0.543881226390231,"log-linear",3
"acc",3,0.439024390243902,"log-linear",3
"binacc",3,0.853658536585366,"log-linear",3
"eacc",3,0.560975609756098,"log-linear",3
"ebinacc",3,0.146341463414634,"log-linear",3
"nll",3,1.84094037649899,"log-linear",3
"binnll",3,0.452331899700486,"log-linear",3
"rps",3,0.140902807043652,"log-linear",3
"cint",3,0.375054759124352,"log-linear",3
"cslope",3,0.435347145577037,"log-linear",3
"brier",3,0.130624230394101,"log-linear",3
"auc",3,0.774305555555556,"log-linear",3
"eauc",3,0.225694444444444,"log-linear",3
"qwk",3,0.452856519843,"log-linear",3
"eqwk",3,0.547143480157,"log-linear",3
"acc",4,0.439024390243902,"log-linear",3
"binacc",4,0.853658536585366,"log-linear",3
"eacc",4,0.560975609756098,"log-linear",3
"ebinacc",4,0.146341463414634,"log-linear",3
"nll",4,1.80655429739541,"log-linear",3
"binnll",4,0.444411694004263,"log-linear",3
"rps",4,0.139729952370033,"log-linear",3
"cint",4,0.374265130998505,"log-linear",3
"cslope",4,0.454632418236505,"log-linear",3
"brier",4,0.128117868321675,"log-linear",3
"auc",4,0.767361111111111,"log-linear",3
"eauc",4,0.232638888888889,"log-linear",3
"qwk",4,0.478066402890074,"log-linear",3
"eqwk",4,0.521933597109926,"log-linear",3
"acc",5,0.414634146341463,"log-linear",3
"binacc",5,0.853658536585366,"log-linear",3
"eacc",5,0.585365853658537,"log-linear",3
"ebinacc",5,0.146341463414634,"log-linear",3
"nll",5,1.79638001050038,"log-linear",3
"binnll",5,0.448902843147438,"log-linear",3
"rps",5,0.139227792856251,"log-linear",3
"cint",5,0.34462326589239,"log-linear",3
"cslope",5,0.458076608784886,"log-linear",3
"brier",5,0.128648617387956,"log-linear",3
"auc",5,0.753472222222222,"log-linear",3
"eauc",5,0.246527777777778,"log-linear",3
"qwk",5,0.478353684570062,"log-linear",3
"eqwk",5,0.521646315429938,"log-linear",3
"acc",1,0.439024390243902,"trafo",3
"binacc",1,0.853658536585366,"trafo",3
"eacc",1,0.560975609756098,"trafo",3
"ebinacc",1,0.146341463414634,"trafo",3
"nll",1,2.0124863877365,"trafo",3
"binnll",1,0.591115249376703,"trafo",3
"rps",1,0.143194687164486,"trafo",3
"cint",1,0.56003770310299,"trafo",3
"cslope",1,0.325590539391687,"trafo",3
"brier",1,0.139027074704114,"trafo",3
"auc",1,0.697916666666667,"trafo",3
"eauc",1,0.302083333333333,"trafo",3
"qwk",1,0.49935957646657,"trafo",3
"eqwk",1,0.50064042353343,"trafo",3
"acc",2,0.439024390243902,"trafo",3
"binacc",2,0.853658536585366,"trafo",3
"eacc",2,0.560975609756098,"trafo",3
"ebinacc",2,0.146341463414634,"trafo",3
"nll",2,1.9724091726446,"trafo",3
"binnll",2,0.555158568992953,"trafo",3
"rps",2,0.143097406756216,"trafo",3
"cint",2,0.540578329900469,"trafo",3
"cslope",2,0.351965581183515,"trafo",3
"brier",2,0.142118290786213,"trafo",3
"auc",2,0.704861111111111,"trafo",3
"eauc",2,0.295138888888889,"trafo",3
"qwk",2,0.456118773609769,"trafo",3
"eqwk",2,0.543881226390231,"trafo",3
"acc",3,0.439024390243902,"trafo",3
"binacc",3,0.853658536585366,"trafo",3
"eacc",3,0.560975609756098,"trafo",3
"ebinacc",3,0.146341463414634,"trafo",3
"nll",3,1.9030957188014,"trafo",3
"binnll",3,0.499527620882159,"trafo",3
"rps",3,0.141349729430883,"trafo",3
"cint",3,0.4740293697539,"trafo",3
"cslope",3,0.387204021520464,"trafo",3
"brier",3,0.134220373360549,"trafo",3
"auc",3,0.715277777777778,"trafo",3
"eauc",3,0.284722222222222,"trafo",3
"qwk",3,0.466783831282953,"trafo",3
"eqwk",3,0.533216168717047,"trafo",3
"acc",4,0.439024390243902,"trafo",3
"binacc",4,0.853658536585366,"trafo",3
"eacc",4,0.560975609756098,"trafo",3
"ebinacc",4,0.146341463414634,"trafo",3
"nll",4,1.86198299008291,"trafo",3
"binnll",4,0.479877723337152,"trafo",3
"rps",4,0.140025441546916,"trafo",3
"cint",4,0.468321197119251,"trafo",3
"cslope",4,0.414061247890051,"trafo",3
"brier",4,0.130953511663209,"trafo",3
"auc",4,0.736111111111111,"trafo",3
"eauc",4,0.263888888888889,"trafo",3
"qwk",4,0.478066402890074,"trafo",3
"eqwk",4,0.521933597109926,"trafo",3
"acc",5,0.414634146341463,"trafo",3
"binacc",5,0.853658536585366,"trafo",3
"eacc",5,0.585365853658537,"trafo",3
"ebinacc",5,0.146341463414634,"trafo",3
"nll",5,1.86612197634547,"trafo",3
"binnll",5,0.489429906739539,"trafo",3
"rps",5,0.1399104066952,"trafo",3
"cint",5,0.44368502428229,"trafo",3
"cslope",5,0.407004391212816,"trafo",3
"brier",5,0.130869254512229,"trafo",3
"auc",5,0.729166666666667,"trafo",3
"eauc",5,0.270833333333333,"trafo",3
"qwk",5,0.478353684570062,"trafo",3
"eqwk",5,0.521646315429938,"trafo",3
"acc",1,0.439024390243902,"avg",3
"binacc",1,0.853658536585366,"avg",3
"eacc",1,0.560975609756098,"avg",3
"ebinacc",1,0.146341463414634,"avg",3
"nll",1,2.0124863877365,"avg",3
"binnll",1,0.591115249376709,"avg",3
"rps",1,0.143194687164486,"avg",3
"cint",1,0.56003770310299,"avg",3
"cslope",1,0.325590539391686,"avg",3
"brier",1,0.139027074704114,"avg",3
"auc",1,0.697916666666667,"avg",3
"eauc",1,0.302083333333333,"avg",3
"qwk",1,0.49935957646657,"avg",3
"eqwk",1,0.50064042353343,"avg",3
"acc",2,0.439024390243902,"avg",3
"binacc",2,0.853658536585366,"avg",3
"eacc",2,0.560975609756098,"avg",3
"ebinacc",2,0.146341463414634,"avg",3
"nll",2,1.99188527139759,"avg",3
"binnll",2,0.558002871916928,"avg",3
"rps",2,0.144015627900092,"avg",3
"cint",2,0.531554836441262,"avg",3
"cslope",2,0.345916347974321,"avg",3
"brier",2,0.142992245826195,"avg",3
"auc",2,0.715277777777778,"avg",3
"eauc",2,0.284722222222222,"avg",3
"qwk",2,0.470670889262774,"avg",3
"eqwk",2,0.529329110737226,"avg",3
"acc",3,0.422764227642276,"avg",3
"binacc",3,0.861788617886179,"avg",3
"eacc",3,0.577235772357723,"avg",3
"ebinacc",3,0.138211382113821,"avg",3
"nll",3,1.93869004910791,"avg",3
"binnll",3,0.508513265472306,"avg",3
"rps",3,0.143074046967357,"avg",3
"cint",3,0.426696768558995,"avg",3
"cslope",3,0.376974368546431,"avg",3
"brier",3,0.13463867954782,"avg",3
"auc",3,0.740740740740741,"avg",3
"eauc",3,0.259259259259259,"avg",3
"qwk",3,0.466809056351899,"avg",3
"eqwk",3,0.533190943648101,"avg",3
"acc",4,0.420731707317073,"avg",3
"binacc",4,0.859756097560976,"avg",3
"eacc",4,0.579268292682927,"avg",3
"ebinacc",4,0.140243902439024,"avg",3
"nll",4,1.8987851531873,"avg",3
"binnll",4,0.489258591470823,"avg",3
"rps",4,0.141855884588133,"avg",3
"cint",4,0.421118512364747,"avg",3
"cslope",4,0.406278985955179,"avg",3
"brier",4,0.131748593513546,"avg",3
"auc",4,0.745659722222222,"avg",3
"eauc",4,0.254340277777778,"avg",3
"qwk",4,0.438332261992526,"avg",3
"eqwk",4,0.561667738007474,"avg",3
"acc",5,0.419512195121951,"avg",3
"binacc",5,0.853658536585366,"avg",3
"eacc",5,0.580487804878049,"avg",3
"ebinacc",5,0.146341463414634,"avg",3
"nll",5,1.90425483018239,"avg",3
"binnll",5,0.498699994796398,"avg",3
"rps",5,0.141510205867346,"avg",3
"cint",5,0.394686210294703,"avg",3
"cslope",5,0.396341032504507,"avg",3
"brier",5,0.131950791558655,"avg",3
"auc",5,0.739583333333333,"avg",3
"eauc",5,0.260416666666667,"avg",3
"qwk",5,0.423017755448504,"avg",3
"eqwk",5,0.576982244551496,"avg",3
"acc",1,0.414634146341463,"linear",4
"binacc",1,0.75609756097561,"linear",4
"eacc",1,0.585365853658537,"linear",4
"ebinacc",1,0.24390243902439,"linear",4
"nll",1,1.80523916627609,"linear",4
"binnll",1,0.624874822217621,"linear",4
"rps",1,0.168445894348868,"linear",4
"cint",1,1.05149745073234,"linear",4
"cslope",1,0.399036602306394,"linear",4
"brier",1,0.18613185657872,"linear",4
"auc",1,0.772727272727273,"linear",4
"eauc",1,0.227272727272727,"linear",4
"qwk",1,0.300865994107669,"linear",4
"eqwk",1,0.699134005892331,"linear",4
"acc",2,0.439024390243902,"linear",4
"binacc",2,0.75609756097561,"linear",4
"eacc",2,0.560975609756098,"linear",4
"ebinacc",2,0.24390243902439,"linear",4
"nll",2,1.79622578550752,"linear",4
"binnll",2,0.61652692609638,"linear",4
"rps",2,0.163999663991512,"linear",4
"cint",2,1.07194294594179,"linear",4
"cslope",2,0.404755079958926,"linear",4
"brier",2,0.178099916894132,"linear",4
"auc",2,0.751515151515152,"linear",4
"eauc",2,0.248484848484848,"linear",4
"qwk",2,0.344249809596344,"linear",4
"eqwk",2,0.655750190403656,"linear",4
"acc",3,0.414634146341463,"linear",4
"binacc",3,0.731707317073171,"linear",4
"eacc",3,0.585365853658537,"linear",4
"ebinacc",3,0.268292682926829,"linear",4
"nll",3,1.70693069092824,"linear",4
"binnll",3,0.584507014516309,"linear",4
"rps",3,0.165423754875168,"linear",4
"cint",3,0.959280986693941,"linear",4
"cslope",3,0.458027226626848,"linear",4
"brier",3,0.182881912576451,"linear",4
"auc",3,0.76969696969697,"linear",4
"eauc",3,0.23030303030303,"linear",4
"qwk",3,0.237641723356009,"linear",4
"eqwk",3,0.762358276643991,"linear",4
"acc",4,0.414634146341463,"linear",4
"binacc",4,0.731707317073171,"linear",4
"eacc",4,0.585365853658537,"linear",4
"ebinacc",4,0.268292682926829,"linear",4
"nll",4,1.70879234041751,"linear",4
"binnll",4,0.584679341471745,"linear",4
"rps",4,0.165892113400366,"linear",4
"cint",4,0.918587067392511,"linear",4
"cslope",4,0.451869591349823,"linear",4
"brier",4,0.183702208145842,"linear",4
"auc",4,0.766666666666667,"linear",4
"eauc",4,0.233333333333333,"linear",4
"qwk",4,0.237641723356009,"linear",4
"eqwk",4,0.762358276643991,"linear",4
"acc",5,0.414634146341463,"linear",4
"binacc",5,0.731707317073171,"linear",4
"eacc",5,0.585365853658537,"linear",4
"ebinacc",5,0.268292682926829,"linear",4
"nll",5,1.72753005188808,"linear",4
"binnll",5,0.5970238715053,"linear",4
"rps",5,0.1674811331294,"linear",4
"cint",5,0.909599004497543,"linear",4
"cslope",5,0.431182117305751,"linear",4
"brier",5,0.187943935653395,"linear",4
"auc",5,0.766666666666667,"linear",4
"eauc",5,0.233333333333333,"linear",4
"qwk",5,0.273718276273207,"linear",4
"eqwk",5,0.726281723726793,"linear",4
"acc",1,0.414634146341463,"log-linear",4
"binacc",1,0.75609756097561,"log-linear",4
"eacc",1,0.585365853658537,"log-linear",4
"ebinacc",1,0.24390243902439,"log-linear",4
"nll",1,1.80523916627609,"log-linear",4
"binnll",1,0.624874822217621,"log-linear",4
"rps",1,0.168445894348868,"log-linear",4
"cint",1,1.05149745073234,"log-linear",4
"cslope",1,0.399036602306394,"log-linear",4
"brier",1,0.18613185657872,"log-linear",4
"auc",1,0.772727272727273,"log-linear",4
"eauc",1,0.227272727272727,"log-linear",4
"qwk",1,0.300865994107669,"log-linear",4
"eqwk",1,0.699134005892331,"log-linear",4
"acc",2,0.414634146341463,"log-linear",4
"binacc",2,0.75609756097561,"log-linear",4
"eacc",2,0.585365853658537,"log-linear",4
"ebinacc",2,0.24390243902439,"log-linear",4
"nll",2,1.80085124485255,"log-linear",4
"binnll",2,0.616166631681494,"log-linear",4
"rps",2,0.164162707333119,"log-linear",4
"cint",2,1.05440162645593,"log-linear",4
"cslope",2,0.399759764936496,"log-linear",4
"brier",2,0.178134913380486,"log-linear",4
"auc",2,0.751515151515152,"log-linear",4
"eauc",2,0.248484848484848,"log-linear",4
"qwk",2,0.34493777329297,"log-linear",4
"eqwk",2,0.65506222670703,"log-linear",4
"acc",3,0.414634146341463,"log-linear",4
"binacc",3,0.731707317073171,"log-linear",4
"eacc",3,0.585365853658537,"log-linear",4
"ebinacc",3,0.268292682926829,"log-linear",4
"nll",3,1.70793841413547,"log-linear",4
"binnll",3,0.581829066218505,"log-linear",4
"rps",3,0.165236681170048,"log-linear",4
"cint",3,0.939005996373714,"log-linear",4
"cslope",3,0.453838816292317,"log-linear",4
"brier",3,0.182166128623493,"log-linear",4
"auc",3,0.772727272727273,"log-linear",4
"eauc",3,0.227272727272727,"log-linear",4
"qwk",3,0.237641723356009,"log-linear",4
"eqwk",3,0.762358276643991,"log-linear",4
"acc",4,0.414634146341463,"log-linear",4
"binacc",4,0.731707317073171,"log-linear",4
"eacc",4,0.585365853658537,"log-linear",4
"ebinacc",4,0.268292682926829,"log-linear",4
"nll",4,1.70922435291534,"log-linear",4
"binnll",4,0.583394757695074,"log-linear",4
"rps",4,0.165908859376322,"log-linear",4
"cint",4,0.898456753899494,"log-linear",4
"cslope",4,0.446769261238855,"log-linear",4
"brier",4,0.183619381507588,"log-linear",4
"auc",4,0.76969696969697,"log-linear",4
"eauc",4,0.23030303030303,"log-linear",4
"qwk",4,0.260957086650197,"log-linear",4
"eqwk",4,0.739042913349803,"log-linear",4
"acc",5,0.414634146341463,"log-linear",4
"binacc",5,0.731707317073171,"log-linear",4
"eacc",5,0.585365853658537,"log-linear",4
"ebinacc",5,0.268292682926829,"log-linear",4
"nll",5,1.72876122741758,"log-linear",4
"binnll",5,0.595596183791903,"log-linear",4
"rps",5,0.167662374290277,"log-linear",4
"cint",5,0.889548694004849,"log-linear",4
"cslope",5,0.426121887531314,"log-linear",4
"brier",5,0.18784828669736,"log-linear",4
"auc",5,0.766666666666667,"log-linear",4
"eauc",5,0.233333333333333,"log-linear",4
"qwk",5,0.295895586467457,"log-linear",4
"eqwk",5,0.704104413532543,"log-linear",4
"acc",1,0.414634146341463,"trafo",4
"binacc",1,0.75609756097561,"trafo",4
"eacc",1,0.585365853658537,"trafo",4
"ebinacc",1,0.24390243902439,"trafo",4
"nll",1,1.8052391662761,"trafo",4
"binnll",1,0.624874822217621,"trafo",4
"rps",1,0.168445894348868,"trafo",4
"cint",1,1.05149745073234,"trafo",4
"cslope",1,0.399036602306393,"trafo",4
"brier",1,0.18613185657872,"trafo",4
"auc",1,0.772727272727273,"trafo",4
"eauc",1,0.227272727272727,"trafo",4
"qwk",1,0.300865994107669,"trafo",4
"eqwk",1,0.699134005892331,"trafo",4
"acc",2,0.414634146341463,"trafo",4
"binacc",2,0.75609756097561,"trafo",4
"eacc",2,0.585365853658537,"trafo",4
"ebinacc",2,0.24390243902439,"trafo",4
"nll",2,1.85711382992106,"trafo",4
"binnll",2,0.628078483412412,"trafo",4
"rps",2,0.164431461855776,"trafo",4
"cint",2,1.17285709789567,"trafo",4
"cslope",2,0.388987935862549,"trafo",4
"brier",2,0.179124058444299,"trafo",4
"auc",2,0.745454545454545,"trafo",4
"eauc",2,0.254545454545455,"trafo",4
"qwk",2,0.34493777329297,"trafo",4
"eqwk",2,0.65506222670703,"trafo",4
"acc",3,0.414634146341463,"trafo",4
"binacc",3,0.707317073170732,"trafo",4
"eacc",3,0.585365853658537,"trafo",4
"ebinacc",3,0.292682926829268,"trafo",4
"nll",3,1.80049344086776,"trafo",4
"binnll",3,0.614527887089522,"trafo",4
"rps",3,0.166741691662461,"trafo",4
"cint",3,1.12579630570235,"trafo",4
"cslope",3,0.421251587937343,"trafo",4
"brier",3,0.186005340762903,"trafo",4
"auc",3,0.745454545454545,"trafo",4
"eauc",3,0.254545454545455,"trafo",4
"qwk",3,0.237641723356009,"trafo",4
"eqwk",3,0.762358276643991,"trafo",4
"acc",4,0.414634146341463,"trafo",4
"binacc",4,0.731707317073171,"trafo",4
"eacc",4,0.585365853658537,"trafo",4
"ebinacc",4,0.268292682926829,"trafo",4
"nll",4,1.78324379305562,"trafo",4
"binnll",4,0.608677634724633,"trafo",4
"rps",4,0.166769753291958,"trafo",4
"cint",4,1.06000162889887,"trafo",4
"cslope",4,0.423937199295153,"trafo",4
"brier",4,0.186434123808286,"trafo",4
"auc",4,0.751515151515152,"trafo",4
"eauc",4,0.248484848484848,"trafo",4
"qwk",4,0.247364594692839,"trafo",4
"eqwk",4,0.752635405307161,"trafo",4
"acc",5,0.414634146341463,"trafo",4
"binacc",5,0.731707317073171,"trafo",4
"eacc",5,0.585365853658537,"trafo",4
"ebinacc",5,0.268292682926829,"trafo",4
"nll",5,1.79449648796735,"trafo",4
"binnll",5,0.618240376827109,"trafo",4
"rps",5,0.168453036486231,"trafo",4
"cint",5,1.03651611823194,"trafo",4
"cslope",5,0.407173400262601,"trafo",4
"brier",5,0.190605610699513,"trafo",4
"auc",5,0.754545454545455,"trafo",4
"eauc",5,0.245454545454545,"trafo",4
"qwk",5,0.24135752324217,"trafo",4
"eqwk",5,0.75864247675783,"trafo",4
"acc",1,0.414634146341463,"avg",4
"binacc",1,0.75609756097561,"avg",4
"eacc",1,0.585365853658537,"avg",4
"ebinacc",1,0.24390243902439,"avg",4
"nll",1,1.80523916627609,"avg",4
"binnll",1,0.624874822217621,"avg",4
"rps",1,0.168445894348868,"avg",4
"cint",1,1.05149745073234,"avg",4
"cslope",1,0.399036602306394,"avg",4
"brier",1,0.18613185657872,"avg",4
"auc",1,0.772727272727273,"avg",4
"eauc",1,0.227272727272727,"avg",4
"qwk",1,0.300865994107669,"avg",4
"eqwk",1,0.699134005892331,"avg",4
"acc",2,0.439024390243902,"avg",4
"binacc",2,0.74390243902439,"avg",4
"eacc",2,0.560975609756098,"avg",4
"ebinacc",2,0.25609756097561,"avg",4
"nll",2,1.87901383081889,"avg",4
"binnll",2,0.633451637644694,"avg",4
"rps",2,0.165929076880485,"avg",4
"cint",2,1.12798369163143,"avg",4
"cslope",2,0.381149478815082,"avg",4
"brier",2,0.18014958408987,"avg",4
"auc",2,0.756060606060606,"avg",4
"eauc",2,0.243939393939394,"avg",4
"qwk",2,0.344005493316914,"avg",4
"eqwk",2,0.655994506683086,"avg",4
"acc",3,0.430894308943089,"avg",4
"binacc",3,0.731707317073171,"avg",4
"eacc",3,0.569105691056911,"avg",4
"ebinacc",3,0.268292682926829,"avg",4
"nll",3,1.83003438170854,"avg",4
"binnll",3,0.624375074097992,"avg",4
"rps",3,0.16767014729104,"avg",4
"cint",3,1.03508685705777,"avg",4
"cslope",3,0.403408098726855,"avg",4
"brier",3,0.185757814859731,"avg",4
"auc",3,0.758585858585859,"avg",4
"eauc",3,0.241414141414141,"avg",4
"qwk",3,0.304148899653781,"avg",4
"eqwk",3,0.695851100346219,"avg",4
"acc",4,0.426829268292683,"avg",4
"binacc",4,0.731707317073171,"avg",4
"eacc",4,0.573170731707317,"avg",4
"ebinacc",4,0.268292682926829,"avg",4
"nll",4,1.80808807164849,"avg",4
"binnll",4,0.617553954465243,"avg",4
"rps",4,0.168045372009842,"avg",4
"cint",4,0.984931763253717,"avg",4
"cslope",4,0.40747500038623,"avg",4
"brier",4,0.18639257641445,"avg",4
"auc",4,0.760606060606061,"avg",4
"eauc",4,0.239393939393939,"avg",4
"qwk",4,0.286923380802403,"avg",4
"eqwk",4,0.713076619197597,"avg",4
"acc",5,0.424390243902439,"avg",4
"binacc",5,0.721951219512195,"avg",4
"eacc",5,0.575609756097561,"avg",4
"ebinacc",5,0.278048780487805,"avg",4
"nll",5,1.8192271590651,"avg",4
"binnll",5,0.627232812587279,"avg",4
"rps",5,0.169676704351023,"avg",4
"cint",5,0.969656242617524,"avg",4
"cslope",5,0.391242200541041,"avg",4
"brier",5,0.190615594843771,"avg",4
"auc",5,0.756363636363636,"avg",4
"eauc",5,0.243636363636364,"avg",4
"qwk",5,0.283122524562376,"avg",4
"eqwk",5,0.716877475437624,"avg",4
"acc",1,0.48780487804878,"linear",5
"binacc",1,0.902439024390244,"linear",5
"eacc",1,0.51219512195122,"linear",5
"ebinacc",1,0.0975609756097561,"linear",5
"nll",1,1.33344939151265,"linear",5
"binnll",1,0.225259173660662,"linear",5
"rps",1,0.106445149086018,"linear",5
"cint",1,-0.0882478085744713,"linear",5
"cslope",1,0.95844257075487,"linear",5
"brier",1,0.0679888374088284,"linear",5
"auc",1,0.87719298245614,"linear",5
"eauc",1,0.12280701754386,"linear",5
"qwk",1,0.272089182493807,"linear",5
"eqwk",1,0.727910817506193,"linear",5
"acc",2,0.463414634146341,"linear",5
"binacc",2,0.926829268292683,"linear",5
"eacc",2,0.536585365853659,"linear",5
"ebinacc",2,0.073170731707317,"linear",5
"nll",2,1.32813594824009,"linear",5
"binnll",2,0.208052338452427,"linear",5
"rps",2,0.102087653251666,"linear",5
"cint",2,-0.0120263016985062,"linear",5
"cslope",2,1.36581612646577,"linear",5
"brier",2,0.0613791702785814,"linear",5
"auc",2,0.894736842105263,"linear",5
"eauc",2,0.105263157894737,"linear",5
"qwk",2,0.325067722442176,"linear",5
"eqwk",2,0.674932277557824,"linear",5
"acc",3,0.463414634146341,"linear",5
"binacc",3,0.926829268292683,"linear",5
"eacc",3,0.536585365853659,"linear",5
"ebinacc",3,0.073170731707317,"linear",5
"nll",3,1.32961284283507,"linear",5
"binnll",3,0.200872922803248,"linear",5
"rps",3,0.101219695905724,"linear",5
"cint",3,0.0160955669371978,"linear",5
"cslope",3,1.80181492749181,"linear",5
"brier",3,0.0589562018781969,"linear",5
"auc",3,0.894736842105263,"linear",5
"eauc",3,0.105263157894737,"linear",5
"qwk",3,0.344551956247371,"linear",5
"eqwk",3,0.655448043752629,"linear",5
"acc",4,0.48780487804878,"linear",5
"binacc",4,0.926829268292683,"linear",5
"eacc",4,0.51219512195122,"linear",5
"ebinacc",4,0.073170731707317,"linear",5
"nll",4,1.31286411088716,"linear",5
"binnll",4,0.199088633208803,"linear",5
"rps",4,0.100378988821351,"linear",5
"cint",4,-0.00584294106157282,"linear",5
"cslope",4,1.82930003537887,"linear",5
"brier",4,0.0578610329399586,"linear",5
"auc",4,0.903508771929824,"linear",5
"eauc",4,0.0964912280701755,"linear",5
"qwk",4,0.336569579288026,"linear",5
"eqwk",4,0.663430420711974,"linear",5
"acc",5,0.48780487804878,"linear",5
"binacc",5,0.926829268292683,"linear",5
"eacc",5,0.51219512195122,"linear",5
"ebinacc",5,0.073170731707317,"linear",5
"nll",5,1.29588247202064,"linear",5
"binnll",5,0.199374937988847,"linear",5
"rps",5,0.0985823218305337,"linear",5
"cint",5,-0.0456488102195877,"linear",5
"cslope",5,2.06404495955535,"linear",5
"brier",5,0.057051735272508,"linear",5
"auc",5,0.885964912280702,"linear",5
"eauc",5,0.114035087719298,"linear",5
"qwk",5,0.356862745098039,"linear",5
"eqwk",5,0.643137254901961,"linear",5
"acc",1,0.48780487804878,"log-linear",5
"binacc",1,0.902439024390244,"log-linear",5
"eacc",1,0.51219512195122,"log-linear",5
"ebinacc",1,0.0975609756097561,"log-linear",5
"nll",1,1.33344939151265,"log-linear",5
"binnll",1,0.225259173660662,"log-linear",5
"rps",1,0.106445149086018,"log-linear",5
"cint",1,-0.0882478085744713,"log-linear",5
"cslope",1,0.95844257075487,"log-linear",5
"brier",1,0.0679888374088284,"log-linear",5
"auc",1,0.87719298245614,"log-linear",5
"eauc",1,0.12280701754386,"log-linear",5
"qwk",1,0.272089182493807,"log-linear",5
"eqwk",1,0.727910817506193,"log-linear",5
"acc",2,0.463414634146341,"log-linear",5
"binacc",2,0.902439024390244,"log-linear",5
"eacc",2,0.536585365853659,"log-linear",5
"ebinacc",2,0.0975609756097561,"log-linear",5
"nll",2,1.33056233487926,"log-linear",5
"binnll",2,0.211927817079629,"log-linear",5
"rps",2,0.102674231864133,"log-linear",5
"cint",2,-0.0262520135770423,"log-linear",5
"cslope",2,1.34016177051802,"log-linear",5
"brier",2,0.0631690155748843,"log-linear",5
"auc",2,0.894736842105263,"log-linear",5
"eauc",2,0.105263157894737,"log-linear",5
"qwk",2,0.325067722442176,"log-linear",5
"eqwk",2,0.674932277557824,"log-linear",5
"acc",3,0.463414634146341,"log-linear",5
"binacc",3,0.926829268292683,"log-linear",5
"eacc",3,0.536585365853659,"log-linear",5
"ebinacc",3,0.073170731707317,"log-linear",5
"nll",3,1.33277125642713,"log-linear",5
"binnll",3,0.203862954797586,"log-linear",5
"rps",3,0.101673128201374,"log-linear",5
"cint",3,0.00220787615021643,"log-linear",5
"cslope",3,1.80507802239789,"log-linear",5
"brier",3,0.0602705460910453,"log-linear",5
"auc",3,0.894736842105263,"log-linear",5
"eauc",3,0.105263157894737,"log-linear",5
"qwk",3,0.419454135029756,"log-linear",5
"eqwk",3,0.580545864970244,"log-linear",5
"acc",4,0.463414634146341,"log-linear",5
"binacc",4,0.926829268292683,"log-linear",5
"eacc",4,0.536585365853659,"log-linear",5
"ebinacc",4,0.073170731707317,"log-linear",5
"nll",4,1.31439773864914,"log-linear",5
"binnll",4,0.201678802400073,"log-linear",5
"rps",4,0.100798508637372,"log-linear",5
"cint",4,-0.0191186955116621,"log-linear",5
"cslope",4,1.82834418638281,"log-linear",5
"brier",4,0.0589435289717081,"log-linear",5
"auc",4,0.903508771929824,"log-linear",5
"eauc",4,0.0964912280701755,"log-linear",5
"qwk",4,0.344551956247371,"log-linear",5
"eqwk",4,0.655448043752629,"log-linear",5
"acc",5,0.48780487804878,"log-linear",5
"binacc",5,0.926829268292683,"log-linear",5
"eacc",5,0.51219512195122,"log-linear",5
"ebinacc",5,0.073170731707317,"log-linear",5
"nll",5,1.29753501690573,"log-linear",5
"binnll",5,0.201679884920057,"log-linear",5
"rps",5,0.0989647729085774,"log-linear",5
"cint",5,-0.0597279039581187,"log-linear",5
"cslope",5,2.10556239489314,"log-linear",5
"brier",5,0.0579425540193824,"log-linear",5
"auc",5,0.885964912280702,"log-linear",5
"eauc",5,0.114035087719298,"log-linear",5
"qwk",5,0.356862745098039,"log-linear",5
"eqwk",5,0.643137254901961,"log-linear",5
"acc",1,0.48780487804878,"trafo",5
"binacc",1,0.902439024390244,"trafo",5
"eacc",1,0.51219512195122,"trafo",5
"ebinacc",1,0.0975609756097561,"trafo",5
"nll",1,1.33344939151265,"trafo",5
"binnll",1,0.225259173660662,"trafo",5
"rps",1,0.106445149086018,"trafo",5
"cint",1,-0.0882478085744713,"trafo",5
"cslope",1,0.95844257075487,"trafo",5
"brier",1,0.0679888374088284,"trafo",5
"auc",1,0.87719298245614,"trafo",5
"eauc",1,0.12280701754386,"trafo",5
"qwk",1,0.272089182493807,"trafo",5
"eqwk",1,0.727910817506193,"trafo",5
"acc",2,0.463414634146341,"trafo",5
"binacc",2,0.926829268292683,"trafo",5
"eacc",2,0.536585365853659,"trafo",5
"ebinacc",2,0.073170731707317,"trafo",5
"nll",2,1.32879796616196,"trafo",5
"binnll",2,0.20389695873511,"trafo",5
"rps",2,0.10180896182088,"trafo",5
"cint",2,0.0521695250446798,"trafo",5
"cslope",2,1.39087741135175,"trafo",5
"brier",2,0.060173201428462,"trafo",5
"auc",2,0.894736842105263,"trafo",5
"eauc",2,0.105263157894737,"trafo",5
"qwk",2,0.325067722442176,"trafo",5
"eqwk",2,0.674932277557824,"trafo",5
"acc",3,0.463414634146341,"trafo",5
"binacc",3,0.926829268292683,"trafo",5
"eacc",3,0.536585365853659,"trafo",5
"ebinacc",3,0.073170731707317,"trafo",5
"nll",3,1.32993494544516,"trafo",5
"binnll",3,0.196995275550593,"trafo",5
"rps",3,0.101122064397198,"trafo",5
"cint",3,0.0750510341302034,"trafo",5
"cslope",3,1.65715813817877,"trafo",5
"brier",3,0.0580438278464565,"trafo",5
"auc",3,0.894736842105263,"trafo",5
"eauc",3,0.105263157894737,"trafo",5
"qwk",3,0.419454135029756,"trafo",5
"eqwk",3,0.580545864970244,"trafo",5
"acc",4,0.48780487804878,"trafo",5
"binacc",4,0.926829268292683,"trafo",5
"eacc",4,0.51219512195122,"trafo",5
"ebinacc",4,0.073170731707317,"trafo",5
"nll",4,1.31949015365559,"trafo",5
"binnll",4,0.194658928821482,"trafo",5
"rps",4,0.100471072074099,"trafo",5
"cint",4,0.055862756001673,"trafo",5
"cslope",4,1.7021183003267,"trafo",5
"brier",4,0.0569069369256201,"trafo",5
"auc",4,0.885964912280702,"trafo",5
"eauc",4,0.114035087719298,"trafo",5
"qwk",4,0.336569579288026,"trafo",5
"eqwk",4,0.663430420711974,"trafo",5
"acc",5,0.48780487804878,"trafo",5
"binacc",5,0.926829268292683,"trafo",5
"eacc",5,0.51219512195122,"trafo",5
"ebinacc",5,0.073170731707317,"trafo",5
"nll",5,1.30168346157039,"trafo",5
"binnll",5,0.193506541202595,"trafo",5
"rps",5,0.0988346433366066,"trafo",5
"cint",5,0.0275073248383139,"trafo",5
"cslope",5,1.82303263961133,"trafo",5
"brier",5,0.0559997447073027,"trafo",5
"auc",5,0.894736842105263,"trafo",5
"eauc",5,0.105263157894737,"trafo",5
"qwk",5,0.356862745098039,"trafo",5
"eqwk",5,0.643137254901961,"trafo",5
"acc",1,0.48780487804878,"avg",5
"binacc",1,0.902439024390244,"avg",5
"eacc",1,0.51219512195122,"avg",5
"ebinacc",1,0.0975609756097561,"avg",5
"nll",1,1.33344939151265,"avg",5
"binnll",1,0.225259173660662,"avg",5
"rps",1,0.106445149086018,"avg",5
"cint",1,-0.0882478085744713,"avg",5
"cslope",1,0.95844257075487,"avg",5
"brier",1,0.0679888374088284,"avg",5
"auc",1,0.87719298245614,"avg",5
"eauc",1,0.12280701754386,"avg",5
"qwk",1,0.272089182493807,"avg",5
"eqwk",1,0.727910817506193,"avg",5
"acc",2,0.463414634146341,"avg",5
"binacc",2,0.902439024390244,"avg",5
"eacc",2,0.536585365853659,"avg",5
"ebinacc",2,0.0975609756097561,"avg",5
"nll",2,1.33637150078742,"avg",5
"binnll",2,0.212294157433159,"avg",5
"rps",2,0.103385946010462,"avg",5
"cint",2,-0.00933842809663418,"avg",5
"cslope",2,1.10344001822369,"avg",5
"brier",2,0.064275554756968,"avg",5
"auc",2,0.885964912280702,"avg",5
"eauc",2,0.114035087719298,"avg",5
"qwk",2,0.358401575277629,"avg",5
"eqwk",2,0.641598424722371,"avg",5
"acc",3,0.471544715447154,"avg",5
"binacc",3,0.910569105691057,"avg",5
"eacc",3,0.528455284552846,"avg",5
"ebinacc",3,0.089430894308943,"avg",5
"nll",3,1.33873928516016,"avg",5
"binnll",3,0.204706899142772,"avg",5
"rps",3,0.102477749622317,"avg",5
"cint",3,0.0197540765375129,"avg",5
"cslope",3,13.885311477174,"avg",5
"brier",3,0.0615618741567262,"avg",5
"auc",3,0.888888888888889,"avg",5
"eauc",3,0.111111111111111,"avg",5
"qwk",3,0.376123070728213,"avg",5
"eqwk",3,0.623876929271787,"avg",5
"acc",4,0.481707317073171,"avg",5
"binacc",4,0.914634146341463,"avg",5
"eacc",4,0.518292682926829,"avg",5
"ebinacc",4,0.0853658536585366,"avg",5
"nll",4,1.33022227139297,"avg",5
"binnll",4,0.202628199069442,"avg",5
"rps",4,0.101666965790972,"avg",5
"cint",4,-0.00130740636469407,"avg",5
"cslope",4,10.8847139466452,"avg",5
"brier",4,0.0603561608656662,"avg",5
"auc",4,0.894736842105263,"avg",5
"eauc",4,0.105263157894737,"avg",5
"qwk",4,0.364436018036077,"avg",5
"eqwk",4,0.635563981963923,"avg",5
"acc",5,0.492682926829268,"avg",5
"binacc",5,0.917073170731707,"avg",5
"eacc",5,0.507317073170732,"avg",5
"ebinacc",5,0.0829268292682925,"avg",5
"nll",5,1.31606810869603,"avg",5
"binnll",5,0.202693578364103,"avg",5
"rps",5,0.100031456739792,"avg",5
"cint",5,-0.038628026657643,"avg",5
"cslope",5,18.1178603093513,"avg",5
"brier",5,0.0595320713292762,"avg",5
"auc",5,0.894736842105263,"avg",5
"eauc",5,0.105263157894737,"avg",5
"qwk",5,0.414481145255929,"avg",5
"eqwk",5,0.585518854744071,"avg",5
"acc",1,0.463414634146341,"linear",6
"binacc",1,0.853658536585366,"linear",6
"eacc",1,0.536585365853659,"linear",6
"ebinacc",1,0.146341463414634,"linear",6
"nll",1,1.48259583342439,"linear",6
"binnll",1,0.372152446873652,"linear",6
"rps",1,0.130600787024186,"linear",6
"cint",1,-1.27339520146183,"linear",6
"cslope",1,0.530199361170234,"linear",6
"brier",1,0.119921300217848,"linear",6
"auc",1,0.804761904761905,"linear",6
"eauc",1,0.195238095238095,"linear",6
"qwk",1,0.432407321378798,"linear",6
"eqwk",1,0.567592678621202,"linear",6
"acc",2,0.51219512195122,"linear",6
"binacc",2,0.853658536585366,"linear",6
"eacc",2,0.48780487804878,"linear",6
"ebinacc",2,0.146341463414634,"linear",6
"nll",2,1.39446651195277,"linear",6
"binnll",2,0.361755402318314,"linear",6
"rps",2,0.122791895223924,"linear",6
"cint",2,-1.01180433602645,"linear",6
"cslope",2,0.550425850015934,"linear",6
"brier",2,0.116549136171809,"linear",6
"auc",2,0.814285714285714,"linear",6
"eauc",2,0.185714285714286,"linear",6
"qwk",2,0.433179723502304,"linear",6
"eqwk",2,0.566820276497696,"linear",6
"acc",3,0.536585365853659,"linear",6
"binacc",3,0.853658536585366,"linear",6
"eacc",3,0.463414634146341,"linear",6
"ebinacc",3,0.146341463414634,"linear",6
"nll",3,1.33916424194755,"linear",6
"binnll",3,0.329563738925089,"linear",6
"rps",3,0.114924945953995,"linear",6
"cint",3,-0.826220641788796,"linear",6
"cslope",3,0.59929112916905,"linear",6
"brier",3,0.104729082305013,"linear",6
"auc",3,0.838095238095238,"linear",6
"eauc",3,0.161904761904762,"linear",6
"qwk",3,0.482730093071355,"linear",6
"eqwk",3,0.517269906928645,"linear",6
"acc",4,0.585365853658537,"linear",6
"binacc",4,0.853658536585366,"linear",6
"eacc",4,0.414634146341463,"linear",6
"ebinacc",4,0.146341463414634,"linear",6
"nll",4,1.29444790564958,"linear",6
"binnll",4,0.320285191472099,"linear",6
"rps",4,0.110638680758017,"linear",6
"cint",4,-0.810243262167113,"linear",6
"cslope",4,0.654584196401775,"linear",6
"brier",4,0.100063170416582,"linear",6
"auc",4,0.842857142857143,"linear",6
"eauc",4,0.157142857142857,"linear",6
"qwk",4,0.502127659574468,"linear",6
"eqwk",4,0.497872340425532,"linear",6
"acc",5,0.609756097560976,"linear",6
"binacc",5,0.853658536585366,"linear",6
"eacc",5,0.390243902439024,"linear",6
"ebinacc",5,0.146341463414634,"linear",6
"nll",5,1.291401622333,"linear",6
"binnll",5,0.31730163005113,"linear",6
"rps",5,0.110245816108378,"linear",6
"cint",5,-0.795342633621468,"linear",6
"cslope",5,0.652610938626986,"linear",6
"brier",5,0.0983953046370136,"linear",6
"auc",5,0.838095238095238,"linear",6
"eauc",5,0.161904761904762,"linear",6
"qwk",5,0.508576152097541,"linear",6
"eqwk",5,0.491423847902459,"linear",6
"acc",1,0.463414634146341,"log-linear",6
"binacc",1,0.853658536585366,"log-linear",6
"eacc",1,0.536585365853659,"log-linear",6
"ebinacc",1,0.146341463414634,"log-linear",6
"nll",1,1.48259583342439,"log-linear",6
"binnll",1,0.372152446873652,"log-linear",6
"rps",1,0.130600787024186,"log-linear",6
"cint",1,-1.27339520146183,"log-linear",6
"cslope",1,0.530199361170234,"log-linear",6
"brier",1,0.119921300217848,"log-linear",6
"auc",1,0.804761904761905,"log-linear",6
"eauc",1,0.195238095238095,"log-linear",6
"qwk",1,0.432407321378798,"log-linear",6
"eqwk",1,0.567592678621202,"log-linear",6
"acc",2,0.51219512195122,"log-linear",6
"binacc",2,0.853658536585366,"log-linear",6
"eacc",2,0.48780487804878,"log-linear",6
"ebinacc",2,0.146341463414634,"log-linear",6
"nll",2,1.40933713329292,"log-linear",6
"binnll",2,0.363249518680867,"log-linear",6
"rps",2,0.123975758217765,"log-linear",6
"cint",2,-1.0528167182514,"log-linear",6
"cslope",2,0.544524658281009,"log-linear",6
"brier",2,0.117186593304866,"log-linear",6
"auc",2,0.814285714285714,"log-linear",6
"eauc",2,0.185714285714286,"log-linear",6
"qwk",2,0.433179723502304,"log-linear",6
"eqwk",2,0.566820276497696,"log-linear",6
"acc",3,0.48780487804878,"log-linear",6
"binacc",3,0.853658536585366,"log-linear",6
"eacc",3,0.51219512195122,"log-linear",6
"ebinacc",3,0.146341463414634,"log-linear",6
"nll",3,1.36177392974448,"log-linear",6
"binnll",3,0.334476525696216,"log-linear",6
"rps",3,0.117465913456534,"log-linear",6
"cint",3,-0.899928686970093,"log-linear",6
"cslope",3,0.581811598038417,"log-linear",6
"brier",3,0.107151815705397,"log-linear",6
"auc",3,0.833333333333333,"log-linear",6
"eauc",3,0.166666666666667,"log-linear",6
"qwk",3,0.462510610204659,"log-linear",6
"eqwk",3,0.537489389795341,"log-linear",6
"acc",4,0.560975609756098,"log-linear",6
"binacc",4,0.853658536585366,"log-linear",6
"eacc",4,0.439024390243902,"log-linear",6
"ebinacc",4,0.146341463414634,"log-linear",6
"nll",4,1.3239332240317,"log-linear",6
"binnll",4,0.327537502589257,"log-linear",6
"rps",4,0.113696031379054,"log-linear",6
"cint",4,-0.889381435581599,"log-linear",6
"cslope",4,0.625968969242904,"log-linear",6
"brier",4,0.103137106836236,"log-linear",6
"auc",4,0.842857142857143,"log-linear",6
"eauc",4,0.157142857142857,"log-linear",6
"qwk",4,0.486099330883046,"log-linear",6
"eqwk",4,0.513900669116954,"log-linear",6
"acc",5,0.585365853658537,"log-linear",6
"binacc",5,0.853658536585366,"log-linear",6
"eacc",5,0.414634146341463,"log-linear",6
"ebinacc",5,0.146341463414634,"log-linear",6
"nll",5,1.31598727084999,"log-linear",6
"binnll",5,0.32327969440349,"log-linear",6
"rps",5,0.11283416621355,"log-linear",6
"cint",5,-0.861896986245444,"log-linear",6
"cslope",5,0.629073033799917,"log-linear",6
"brier",5,0.100963224475835,"log-linear",6
"auc",5,0.838095238095238,"log-linear",6
"eauc",5,0.161904761904762,"log-linear",6
"qwk",5,0.492021775858832,"log-linear",6
"eqwk",5,0.507978224141168,"log-linear",6
"acc",1,0.463414634146341,"trafo",6
"binacc",1,0.853658536585366,"trafo",6
"eacc",1,0.536585365853659,"trafo",6
"ebinacc",1,0.146341463414634,"trafo",6
"nll",1,1.48259583342439,"trafo",6
"binnll",1,0.372152446873652,"trafo",6
"rps",1,0.130600787024186,"trafo",6
"cint",1,-1.27339520146183,"trafo",6
"cslope",1,0.530199361170233,"trafo",6
"brier",1,0.119921300217848,"trafo",6
"auc",1,0.804761904761905,"trafo",6
"eauc",1,0.195238095238095,"trafo",6
"qwk",1,0.432407321378798,"trafo",6
"eqwk",1,0.567592678621202,"trafo",6
"acc",2,0.51219512195122,"trafo",6
"binacc",2,0.853658536585366,"trafo",6
"eacc",2,0.48780487804878,"trafo",6
"ebinacc",2,0.146341463414634,"trafo",6
"nll",2,1.40549388390067,"trafo",6
"binnll",2,0.362505761520544,"trafo",6
"rps",2,0.123219229361065,"trafo",6
"cint",2,-1.02696539499812,"trafo",6
"cslope",2,0.541232173194577,"trafo",6
"brier",2,0.116705618115246,"trafo",6
"auc",2,0.80952380952381,"trafo",6
"eauc",2,0.19047619047619,"trafo",6
"qwk",2,0.46853278226564,"trafo",6
"eqwk",2,0.53146721773436,"trafo",6
"acc",3,0.48780487804878,"trafo",6
"binacc",3,0.853658536585366,"trafo",6
"eacc",3,0.51219512195122,"trafo",6
"ebinacc",3,0.146341463414634,"trafo",6
"nll",3,1.34973755760666,"trafo",6
"binnll",3,0.328912696380097,"trafo",6
"rps",3,0.115134148896846,"trafo",6
"cint",3,-0.817886697323258,"trafo",6
"cslope",3,0.586335909310766,"trafo",6
"brier",3,0.104665845095064,"trafo",6
"auc",3,0.828571428571429,"trafo",6
"eauc",3,0.171428571428571,"trafo",6
"qwk",3,0.476736006431514,"trafo",6
"eqwk",3,0.523263993568486,"trafo",6
"acc",4,0.585365853658537,"trafo",6
"binacc",4,0.853658536585366,"trafo",6
"eacc",4,0.414634146341463,"trafo",6
"ebinacc",4,0.146341463414634,"trafo",6
"nll",4,1.30438473233836,"trafo",6
"binnll",4,0.31682738197422,"trafo",6
"rps",4,0.111071144544526,"trafo",6
"cint",4,-0.77707319104638,"trafo",6
"cslope",4,0.63625692845769,"trafo",6
"brier",4,0.100422339255342,"trafo",6
"auc",4,0.847619047619048,"trafo",6
"eauc",4,0.152380952380952,"trafo",6
"qwk",4,0.502127659574468,"trafo",6
"eqwk",4,0.497872340425532,"trafo",6
"acc",5,0.585365853658537,"trafo",6
"binacc",5,0.853658536585366,"trafo",6
"eacc",5,0.414634146341463,"trafo",6
"ebinacc",5,0.146341463414634,"trafo",6
"nll",5,1.29830412237264,"trafo",6
"binnll",5,0.314101259331872,"trafo",6
"rps",5,0.110600686297662,"trafo",6
"cint",5,-0.764865782865838,"trafo",6
"cslope",5,0.637545361005401,"trafo",6
"brier",5,0.0986210886013936,"trafo",6
"auc",5,0.838095238095238,"trafo",6
"eauc",5,0.161904761904762,"trafo",6
"qwk",5,0.508098380323935,"trafo",6
"eqwk",5,0.491901619676065,"trafo",6
"acc",1,0.463414634146341,"avg",6
"binacc",1,0.853658536585366,"avg",6
"eacc",1,0.536585365853659,"avg",6
"ebinacc",1,0.146341463414634,"avg",6
"nll",1,1.48259583342439,"avg",6
"binnll",1,0.372152446873652,"avg",6
"rps",1,0.130600787024186,"avg",6
"cint",1,-1.27339520146183,"avg",6
"cslope",1,0.530199361170234,"avg",6
"brier",1,0.119921300217848,"avg",6
"auc",1,0.804761904761905,"avg",6
"eauc",1,0.195238095238095,"avg",6
"qwk",1,0.432407321378798,"avg",6
"eqwk",1,0.567592678621202,"avg",6
"acc",2,0.51219512195122,"avg",6
"binacc",2,0.853658536585366,"avg",6
"eacc",2,0.48780487804878,"avg",6
"ebinacc",2,0.146341463414634,"avg",6
"nll",2,1.41724631133909,"avg",6
"binnll",2,0.365534626051075,"avg",6
"rps",2,0.123904510551063,"avg",6
"cint",2,-1.04090334419574,"avg",6
"cslope",2,0.535791987210152,"avg",6
"brier",2,0.117395264507083,"avg",6
"auc",2,0.819047619047619,"avg",6
"eauc",2,0.180952380952381,"avg",6
"qwk",2,0.444419428324254,"avg",6
"eqwk",2,0.555580571675746,"avg",6
"acc",3,0.504065040650406,"avg",6
"binacc",3,0.869918699186992,"avg",6
"eacc",3,0.495934959349594,"avg",6
"ebinacc",3,0.130081300813008,"avg",6
"nll",3,1.37610767160683,"avg",6
"binnll",3,0.339550495563015,"avg",6
"rps",3,0.117921319958699,"avg",6
"cint",3,-0.861658045995845,"avg",6
"cslope",3,0.569795547501758,"avg",6
"brier",3,0.107896517847358,"avg",6
"auc",3,0.833333333333333,"avg",6
"eauc",3,0.166666666666667,"avg",6
"qwk",3,0.455009777612994,"avg",6
"eqwk",3,0.544990222387006,"avg",6
"acc",4,0.524390243902439,"avg",6
"binacc",4,0.871951219512195,"avg",6
"eacc",4,0.475609756097561,"avg",6
"ebinacc",4,0.128048780487805,"avg",6
"nll",4,1.34453783855911,"avg",6
"binnll",4,0.333666608384692,"avg",6
"rps",4,0.114410423715416,"avg",6
"cint",4,-0.850326060626288,"avg",6
"cslope",4,0.602013252799634,"avg",6
"brier",4,0.1044713603973,"avg",6
"auc",4,0.832142857142857,"avg",6
"eauc",4,0.167857142857143,"avg",6
"qwk",4,0.475853034335641,"avg",6
"eqwk",4,0.524146965664359,"avg",6
"acc",5,0.531707317073171,"avg",6
"binacc",5,0.873170731707317,"avg",6
"eacc",5,0.468292682926829,"avg",6
"ebinacc",5,0.126829268292683,"avg",6
"nll",5,1.33408185994099,"avg",6
"binnll",5,0.328779297482484,"avg",6
"rps",5,0.11353497427445,"avg",6
"cint",5,-0.828499164791507,"avg",6
"cslope",5,0.606020056872641,"avg",6
"brier",5,0.102231634862176,"avg",6
"auc",5,0.828571428571429,"avg",6
"eauc",5,0.171428571428571,"avg",6
"qwk",5,0.481093950102258,"avg",6
"eqwk",5,0.518906049897742,"avg",6
