"var","lor","mod","spl","w"
"age",-0.00181276409421116,"cils","1",0
"age",-0.0077075744047761,"cils","1",0.267621793384217
"age",-0.00947950035333633,"cils","1",0.392884049900959
"age",-0.00971490330994129,"cils","1",0.339494156714823
"age",0.00138707959558815,"cils","1",0
"age",-0.0769899040460587,"cils","2",0.316382291148896
"age",-0.0862684324383736,"cils","2",0
"age",-0.0789374262094498,"cils","2",0.307693918256822
"age",-0.0858157053589821,"cils","2",0.375923790594282
"age",-0.0756934434175491,"cils","2",0
"age",-0.0487696900963783,"cils","3",0
"age",-0.0608751475811005,"cils","3",0.620652018136316
"age",-0.05316411703825,"cils","3",0
"age",-0.0520314797759056,"cils","3",0
"age",-0.0601777210831642,"cils","3",0.379347981863684
"age",0.0326962135732174,"cils","4",0
"age",0.0307143721729517,"cils","4",0
"age",0.0298874005675316,"cils","4",0.143165761204164
"age",0.0379007197916508,"cils","4",0.338951289652579
"age",0.0244437176734209,"cils","4",0.517882949143256
"age",0.0419882573187351,"cils","5",0.12977623126405
"age",0.0237540900707245,"cils","5",0
"age",0.0218566600233316,"cils","5",0
"age",0.0347108244895935,"cils","5",0
"age",0.0202797017991543,"cils","5",0.87022376873595
"age",0.0759096145629883,"cils","6",0.0522754321033801
"age",0.0841840207576752,"cils","6",0.490161423077325
"age",0.0961702391505241,"cils","6",0.304928814243363
"age",0.0948862880468369,"cils","6",0.152634330575931
"age",0.0894553512334824,"cils","6",0
"sexm",-0.000390779052395374,"cils","1",0
"sexm",0.00203592400066555,"cils","1",0.267621793384217
"sexm",0.000649882364086807,"cils","1",0.392884049900959
"sexm",-0.0020722271874547,"cils","1",0.339494156714823
"sexm",-0.00495510781183839,"cils","1",0
"sexm",0.0400755852460861,"cils","2",0.316382291148896
"sexm",0.0415598079562187,"cils","2",0
"sexm",0.0429869703948498,"cils","2",0.307693918256822
"sexm",0.0389627404510975,"cils","2",0.375923790594282
"sexm",0.0426239408552647,"cils","2",0
"sexm",-0.0233571454882622,"cils","3",0
"sexm",-0.0248718298971653,"cils","3",0.620652018136316
"sexm",-0.0333321504294872,"cils","3",0
"sexm",-0.0287511385977268,"cils","3",0
"sexm",-0.032022088766098,"cils","3",0.379347981863684
"sexm",-0.0191223565489054,"cils","4",0
"sexm",-0.0167187247425318,"cils","4",0
"sexm",-0.01832065731287,"cils","4",0.143165761204164
"sexm",-0.0194086749106646,"cils","4",0.338951289652579
"sexm",-0.020818829536438,"cils","4",0.517882949143256
"sexm",0.0470210909843445,"cils","5",0.12977623126405
"sexm",0.0483441390097141,"cils","5",0
"sexm",0.0482629239559174,"cils","5",0
"sexm",0.048587579280138,"cils","5",0
"sexm",0.0444913469254971,"cils","5",0.87022376873595
"sexm",-0.00805084966123104,"cils","6",0.0522754321033801
"sexm",-0.0169544797390699,"cils","6",0.490161423077325
"sexm",-0.0168335270136595,"cils","6",0.304928814243363
"sexm",-0.0168551076203585,"cils","6",0.152634330575931
"sexm",-0.0134214237332344,"cils","6",0
"nihss_baseline",0.913652062416077,"cils","1",0
"nihss_baseline",0.916501522064209,"cils","1",0.267621793384217
"nihss_baseline",0.917835772037506,"cils","1",0.392884049900959
"nihss_baseline",0.920299410820007,"cils","1",0.339494156714823
"nihss_baseline",0.918226361274719,"cils","1",0
"nihss_baseline",0.936772048473358,"cils","2",0.316382291148896
"nihss_baseline",0.932892560958862,"cils","2",0
"nihss_baseline",0.929107010364532,"cils","2",0.307693918256822
"nihss_baseline",0.935301005840302,"cils","2",0.375923790594282
"nihss_baseline",0.933495998382568,"cils","2",0
"nihss_baseline",1.04893958568573,"cils","3",0
"nihss_baseline",1.0495525598526,"cils","3",0.620652018136316
"nihss_baseline",1.04272186756134,"cils","3",0
"nihss_baseline",1.04446697235107,"cils","3",0
"nihss_baseline",1.05933308601379,"cils","3",0.379347981863684
"nihss_baseline",1.24341142177582,"cils","4",0
"nihss_baseline",1.24468588829041,"cils","4",0
"nihss_baseline",1.24645936489105,"cils","4",0.143165761204164
"nihss_baseline",1.24946868419647,"cils","4",0.338951289652579
"nihss_baseline",1.2495254278183,"cils","4",0.517882949143256
"nihss_baseline",0.984728336334229,"cils","5",0.12977623126405
"nihss_baseline",0.990692973136902,"cils","5",0
"nihss_baseline",0.985763192176819,"cils","5",0
"nihss_baseline",0.987704515457153,"cils","5",0
"nihss_baseline",0.986361563205719,"cils","5",0.87022376873595
"nihss_baseline",0.979434847831726,"cils","6",0.0522754321033801
"nihss_baseline",0.985071778297424,"cils","6",0.490161423077325
"nihss_baseline",0.978730261325836,"cils","6",0.304928814243363
"nihss_baseline",0.983806073665619,"cils","6",0.152634330575931
"nihss_baseline",0.981946229934692,"cils","6",0
"mrs_before1",0.483546763658524,"cils","1",0
"mrs_before1",0.482072114944458,"cils","1",0.267621793384217
"mrs_before1",0.483989387750626,"cils","1",0.392884049900959
"mrs_before1",0.479126542806625,"cils","1",0.339494156714823
"mrs_before1",0.482618361711502,"cils","1",0
"mrs_before1",0.316869109869003,"cils","2",0.316382291148896
"mrs_before1",0.317879915237427,"cils","2",0
"mrs_before1",0.31543093919754,"cils","2",0.307693918256822
"mrs_before1",0.316496670246124,"cils","2",0.375923790594282
"mrs_before1",0.316099762916565,"cils","2",0
"mrs_before1",0.584088504314423,"cils","3",0
"mrs_before1",0.587524771690369,"cils","3",0.620652018136316
"mrs_before1",0.587861359119415,"cils","3",0
"mrs_before1",0.587475538253784,"cils","3",0
"mrs_before1",0.586180806159973,"cils","3",0.379347981863684
"mrs_before1",0.748890697956085,"cils","4",0
"mrs_before1",0.755070865154266,"cils","4",0
"mrs_before1",0.745960593223572,"cils","4",0.143165761204164
"mrs_before1",0.745816349983215,"cils","4",0.338951289652579
"mrs_before1",0.755040168762207,"cils","4",0.517882949143256
"mrs_before1",0.749743521213531,"cils","5",0.12977623126405
"mrs_before1",0.75154834985733,"cils","5",0
"mrs_before1",0.751179158687592,"cils","5",0
"mrs_before1",0.747004210948944,"cils","5",0
"mrs_before1",0.754939079284668,"cils","5",0.87022376873595
"mrs_before1",0.336388826370239,"cils","6",0.0522754321033801
"mrs_before1",0.338127881288528,"cils","6",0.490161423077325
"mrs_before1",0.332634836435318,"cils","6",0.304928814243363
"mrs_before1",0.331171602010727,"cils","6",0.152634330575931
"mrs_before1",0.33440750837326,"cils","6",0
"mrs_before2",1.73225057125092,"cils","1",0
"mrs_before2",1.73208713531494,"cils","1",0.267621793384217
"mrs_before2",1.73758327960968,"cils","1",0.392884049900959
"mrs_before2",1.73181319236755,"cils","1",0.339494156714823
"mrs_before2",1.73262214660645,"cils","1",0
"mrs_before2",1.65542423725128,"cils","2",0.316382291148896
"mrs_before2",1.66058456897736,"cils","2",0
"mrs_before2",1.65144872665405,"cils","2",0.307693918256822
"mrs_before2",1.6588169336319,"cils","2",0.375923790594282
"mrs_before2",1.65557098388672,"cils","2",0
"mrs_before2",1.88207411766052,"cils","3",0
"mrs_before2",1.87881481647491,"cils","3",0.620652018136316
"mrs_before2",1.88065469264984,"cils","3",0
"mrs_before2",1.87448787689209,"cils","3",0
"mrs_before2",1.88300573825836,"cils","3",0.379347981863684
"mrs_before2",1.47979485988617,"cils","4",0
"mrs_before2",1.48512613773346,"cils","4",0
"mrs_before2",1.48116493225098,"cils","4",0.143165761204164
"mrs_before2",1.48438477516174,"cils","4",0.338951289652579
"mrs_before2",1.48625195026398,"cils","4",0.517882949143256
"mrs_before2",1.61357069015503,"cils","5",0.12977623126405
"mrs_before2",1.61673271656036,"cils","5",0
"mrs_before2",1.61977112293243,"cils","5",0
"mrs_before2",1.61442899703979,"cils","5",0
"mrs_before2",1.61778223514557,"cils","5",0.87022376873595
"mrs_before2",1.41812884807587,"cils","6",0.0522754321033801
"mrs_before2",1.41777670383453,"cils","6",0.490161423077325
"mrs_before2",1.41819202899933,"cils","6",0.304928814243363
"mrs_before2",1.41992521286011,"cils","6",0.152634330575931
"mrs_before2",1.41625595092773,"cils","6",0
"mrs_before3",0.932107985019684,"cils","1",0
"mrs_before3",0.932835519313812,"cils","1",0.267621793384217
"mrs_before3",0.929943561553955,"cils","1",0.392884049900959
"mrs_before3",0.92777019739151,"cils","1",0.339494156714823
"mrs_before3",0.932612955570221,"cils","1",0
"mrs_before3",0.955889344215393,"cils","2",0.316382291148896
"mrs_before3",0.954894363880157,"cils","2",0
"mrs_before3",0.954282224178314,"cils","2",0.307693918256822
"mrs_before3",0.949078321456909,"cils","2",0.375923790594282
"mrs_before3",0.960663378238678,"cils","2",0
"mrs_before3",1.51859450340271,"cils","3",0
"mrs_before3",1.51367044448853,"cils","3",0.620652018136316
"mrs_before3",1.5180332660675,"cils","3",0
"mrs_before3",1.5086464881897,"cils","3",0
"mrs_before3",1.51564264297485,"cils","3",0.379347981863684
"mrs_before3",1.18947339057922,"cils","4",0
"mrs_before3",1.18975853919983,"cils","4",0
"mrs_before3",1.18994414806366,"cils","4",0.143165761204164
"mrs_before3",1.19560599327087,"cils","4",0.338951289652579
"mrs_before3",1.18974912166595,"cils","4",0.517882949143256
"mrs_before3",1.09098446369171,"cils","5",0.12977623126405
"mrs_before3",1.08026671409607,"cils","5",0
"mrs_before3",1.08066773414612,"cils","5",0
"mrs_before3",1.08585131168365,"cils","5",0
"mrs_before3",1.08731734752655,"cils","5",0.87022376873595
"mrs_before3",0.997656941413879,"cils","6",0.0522754321033801
"mrs_before3",1.00698459148407,"cils","6",0.490161423077325
"mrs_before3",1.01143550872803,"cils","6",0.304928814243363
"mrs_before3",1.0094211101532,"cils","6",0.152634330575931
"mrs_before3",1.0078649520874,"cils","6",0
"mrs_before4",1.91918480396271,"cils","1",0
"mrs_before4",1.9301450252533,"cils","1",0.267621793384217
"mrs_before4",1.92619872093201,"cils","1",0.392884049900959
"mrs_before4",1.92878174781799,"cils","1",0.339494156714823
"mrs_before4",1.91769087314606,"cils","1",0
"mrs_before4",0.852874338626862,"cils","2",0.316382291148896
"mrs_before4",0.84737640619278,"cils","2",0
"mrs_before4",0.841245114803314,"cils","2",0.307693918256822
"mrs_before4",0.85462474822998,"cils","2",0.375923790594282
"mrs_before4",0.837709844112396,"cils","2",0
"mrs_before4",2.25589442253113,"cils","3",0
"mrs_before4",2.24790072441101,"cils","3",0.620652018136316
"mrs_before4",2.24699473381042,"cils","3",0
"mrs_before4",2.23598480224609,"cils","3",0
"mrs_before4",2.24150609970093,"cils","3",0.379347981863684
"mrs_before4",1.6900075674057,"cils","4",0
"mrs_before4",1.69575035572052,"cils","4",0
"mrs_before4",1.69403660297394,"cils","4",0.143165761204164
"mrs_before4",1.68886184692383,"cils","4",0.338951289652579
"mrs_before4",1.71623528003693,"cils","4",0.517882949143256
"mrs_before4",1.80952858924866,"cils","5",0.12977623126405
"mrs_before4",1.81465649604797,"cils","5",0
"mrs_before4",1.81172668933868,"cils","5",0
"mrs_before4",1.80843484401703,"cils","5",0
"mrs_before4",1.81938815116882,"cils","5",0.87022376873595
"mrs_before4",2.77436828613281,"cils","6",0.0522754321033801
"mrs_before4",2.76821422576904,"cils","6",0.490161423077325
"mrs_before4",2.78050947189331,"cils","6",0.304928814243363
"mrs_before4",2.77129626274109,"cils","6",0.152634330575931
"mrs_before4",2.78421449661255,"cils","6",0
"stroke_beforey",0.0286200847476721,"cils","1",0
"stroke_beforey",0.0353978164494038,"cils","1",0.267621793384217
"stroke_beforey",0.0317826978862286,"cils","1",0.392884049900959
"stroke_beforey",0.0266334507614374,"cils","1",0.339494156714823
"stroke_beforey",0.028272183611989,"cils","1",0
"stroke_beforey",0.225943312048912,"cils","2",0.316382291148896
"stroke_beforey",0.228177785873413,"cils","2",0
"stroke_beforey",0.229382529854774,"cils","2",0.307693918256822
"stroke_beforey",0.228320345282555,"cils","2",0.375923790594282
"stroke_beforey",0.229933589696884,"cils","2",0
"stroke_beforey",0.109113372862339,"cils","3",0
"stroke_beforey",0.10180538892746,"cils","3",0.620652018136316
"stroke_beforey",0.101715676486492,"cils","3",0
"stroke_beforey",0.101380102336407,"cils","3",0
"stroke_beforey",0.0986691117286682,"cils","3",0.379347981863684
"stroke_beforey",0.166678890585899,"cils","4",0
"stroke_beforey",0.169331640005112,"cils","4",0
"stroke_beforey",0.168952777981758,"cils","4",0.143165761204164
"stroke_beforey",0.169992879033089,"cils","4",0.338951289652579
"stroke_beforey",0.172573700547218,"cils","4",0.517882949143256
"stroke_beforey",0.130070000886917,"cils","5",0.12977623126405
"stroke_beforey",0.130616873502731,"cils","5",0
"stroke_beforey",0.127240121364594,"cils","5",0
"stroke_beforey",0.128644004464149,"cils","5",0
"stroke_beforey",0.128201499581337,"cils","5",0.87022376873595
"stroke_beforey",0.182286158204079,"cils","6",0.0522754321033801
"stroke_beforey",0.184325352311134,"cils","6",0.490161423077325
"stroke_beforey",0.188164278864861,"cils","6",0.304928814243363
"stroke_beforey",0.188805237412453,"cils","6",0.152634330575931
"stroke_beforey",0.18890106678009,"cils","6",0
"tia_beforey",0.0379074215888977,"cils","1",0
"tia_beforey",0.0309152659028769,"cils","1",0.267621793384217
"tia_beforey",0.0329682677984238,"cils","1",0.392884049900959
"tia_beforey",0.0293319430202246,"cils","1",0.339494156714823
"tia_beforey",0.0361060313880444,"cils","1",0
"tia_beforey",0.0145654752850533,"cils","2",0.316382291148896
"tia_beforey",0.0174605417996645,"cils","2",0
"tia_beforey",0.0184461511671543,"cils","2",0.307693918256822
"tia_beforey",0.019173676148057,"cils","2",0.375923790594282
"tia_beforey",0.0166961587965488,"cils","2",0
"tia_beforey",0.038966927677393,"cils","3",0
"tia_beforey",0.0344534292817116,"cils","3",0.620652018136316
"tia_beforey",0.0361286401748657,"cils","3",0
"tia_beforey",0.0406222827732563,"cils","3",0
"tia_beforey",0.0356261841952801,"cils","3",0.379347981863684
"tia_beforey",0.032216764986515,"cils","4",0
"tia_beforey",0.0321360565721989,"cils","4",0
"tia_beforey",0.0330187380313873,"cils","4",0.143165761204164
"tia_beforey",0.0339496955275536,"cils","4",0.338951289652579
"tia_beforey",0.0192047692835331,"cils","4",0.517882949143256
"tia_beforey",0.0213929377496243,"cils","5",0.12977623126405
"tia_beforey",0.02289660833776,"cils","5",0
"tia_beforey",0.0167772695422173,"cils","5",0
"tia_beforey",0.0204934049397707,"cils","5",0
"tia_beforey",0.0193146355450153,"cils","5",0.87022376873595
"tia_beforey",0.168044343590736,"cils","6",0.0522754321033801
"tia_beforey",0.16568198800087,"cils","6",0.490161423077325
"tia_beforey",0.166431486606598,"cils","6",0.304928814243363
"tia_beforey",0.169507682323456,"cils","6",0.152634330575931
"tia_beforey",0.167648017406464,"cils","6",0
"rf_hypertoniay",0.244130179286003,"cils","1",0
"rf_hypertoniay",0.244378641247749,"cils","1",0.267621793384217
"rf_hypertoniay",0.248940721154213,"cils","1",0.392884049900959
"rf_hypertoniay",0.248287945985794,"cils","1",0.339494156714823
"rf_hypertoniay",0.249115034937859,"cils","1",0
"rf_hypertoniay",0.224364519119263,"cils","2",0.316382291148896
"rf_hypertoniay",0.222546234726906,"cils","2",0
"rf_hypertoniay",0.222787946462631,"cils","2",0.307693918256822
"rf_hypertoniay",0.221244305372238,"cils","2",0.375923790594282
"rf_hypertoniay",0.222194015979767,"cils","2",0
"rf_hypertoniay",0.202249929308891,"cils","3",0
"rf_hypertoniay",0.198374852538109,"cils","3",0.620652018136316
"rf_hypertoniay",0.198898449540138,"cils","3",0
"rf_hypertoniay",0.193217247724533,"cils","3",0
"rf_hypertoniay",0.198270097374916,"cils","3",0.379347981863684
"rf_hypertoniay",0.180730491876602,"cils","4",0
"rf_hypertoniay",0.183154538273811,"cils","4",0
"rf_hypertoniay",0.180608719587326,"cils","4",0.143165761204164
"rf_hypertoniay",0.183862254023552,"cils","4",0.338951289652579
"rf_hypertoniay",0.188887283205986,"cils","4",0.517882949143256
"rf_hypertoniay",0.197125419974327,"cils","5",0.12977623126405
"rf_hypertoniay",0.191268190741539,"cils","5",0
"rf_hypertoniay",0.193596214056015,"cils","5",0
"rf_hypertoniay",0.192190676927567,"cils","5",0
"rf_hypertoniay",0.191736295819283,"cils","5",0.87022376873595
"rf_hypertoniay",0.184969291090965,"cils","6",0.0522754321033801
"rf_hypertoniay",0.19442418217659,"cils","6",0.490161423077325
"rf_hypertoniay",0.191060408949852,"cils","6",0.304928814243363
"rf_hypertoniay",0.193809539079666,"cils","6",0.152634330575931
"rf_hypertoniay",0.188889592885971,"cils","6",0
"rf_diabetesy",-0.076978787779808,"cils","1",0
"rf_diabetesy",-0.0741484314203262,"cils","1",0.267621793384217
"rf_diabetesy",-0.0808684974908829,"cils","1",0.392884049900959
"rf_diabetesy",-0.0756198018789291,"cils","1",0.339494156714823
"rf_diabetesy",-0.0760597065091133,"cils","1",0
"rf_diabetesy",0.0390388518571854,"cils","2",0.316382291148896
"rf_diabetesy",0.0416420921683311,"cils","2",0
"rf_diabetesy",0.0384265445172787,"cils","2",0.307693918256822
"rf_diabetesy",0.0362805798649788,"cils","2",0.375923790594282
"rf_diabetesy",0.0363081395626068,"cils","2",0
"rf_diabetesy",0.0256394855678082,"cils","3",0
"rf_diabetesy",0.017787916585803,"cils","3",0.620652018136316
"rf_diabetesy",0.0220761876553297,"cils","3",0
"rf_diabetesy",0.0186781566590071,"cils","3",0
"rf_diabetesy",0.0199578106403351,"cils","3",0.379347981863684
"rf_diabetesy",-0.021339999511838,"cils","4",0
"rf_diabetesy",-0.0211162883788347,"cils","4",0
"rf_diabetesy",-0.0200275387614965,"cils","4",0.143165761204164
"rf_diabetesy",-0.0212687253952026,"cils","4",0.338951289652579
"rf_diabetesy",-0.018405482172966,"cils","4",0.517882949143256
"rf_diabetesy",-0.0840227678418159,"cils","5",0.12977623126405
"rf_diabetesy",-0.090717539191246,"cils","5",0
"rf_diabetesy",-0.0933965295553207,"cils","5",0
"rf_diabetesy",-0.0878114476799965,"cils","5",0
"rf_diabetesy",-0.0917053520679474,"cils","5",0.87022376873595
"rf_diabetesy",-0.112648852169514,"cils","6",0.0522754321033801
"rf_diabetesy",-0.105903387069702,"cils","6",0.490161423077325
"rf_diabetesy",-0.103938087821007,"cils","6",0.304928814243363
"rf_diabetesy",-0.10436899214983,"cils","6",0.152634330575931
"rf_diabetesy",-0.106352858245373,"cils","6",0
"rf_hypercholesterolemiay",-0.0910345986485481,"cils","1",0
"rf_hypercholesterolemiay",-0.0963877215981483,"cils","1",0.267621793384217
"rf_hypercholesterolemiay",-0.0914791896939278,"cils","1",0.392884049900959
"rf_hypercholesterolemiay",-0.0972931236028671,"cils","1",0.339494156714823
"rf_hypercholesterolemiay",-0.0923129469156265,"cils","1",0
"rf_hypercholesterolemiay",-0.0136632118374109,"cils","2",0.316382291148896
"rf_hypercholesterolemiay",-0.0156135363504291,"cils","2",0
"rf_hypercholesterolemiay",-0.0167383626103401,"cils","2",0.307693918256822
"rf_hypercholesterolemiay",-0.0176960974931717,"cils","2",0.375923790594282
"rf_hypercholesterolemiay",-0.0152930812910199,"cils","2",0
"rf_hypercholesterolemiay",-0.175219148397446,"cils","3",0
"rf_hypercholesterolemiay",-0.17611101269722,"cils","3",0.620652018136316
"rf_hypercholesterolemiay",-0.168674856424332,"cils","3",0
"rf_hypercholesterolemiay",-0.168397158384323,"cils","3",0
"rf_hypercholesterolemiay",-0.176689654588699,"cils","3",0.379347981863684
"rf_hypercholesterolemiay",0.0432793572545052,"cils","4",0
"rf_hypercholesterolemiay",0.0407378971576691,"cils","4",0
"rf_hypercholesterolemiay",0.0405865795910358,"cils","4",0.143165761204164
"rf_hypercholesterolemiay",0.0432795807719231,"cils","4",0.338951289652579
"rf_hypercholesterolemiay",0.0350041836500168,"cils","4",0.517882949143256
"rf_hypercholesterolemiay",-0.149069845676422,"cils","5",0.12977623126405
"rf_hypercholesterolemiay",-0.151338204741478,"cils","5",0
"rf_hypercholesterolemiay",-0.15446349978447,"cils","5",0
"rf_hypercholesterolemiay",-0.148272275924683,"cils","5",0
"rf_hypercholesterolemiay",-0.154198214411736,"cils","5",0.87022376873595
"rf_hypercholesterolemiay",-0.0558639317750931,"cils","6",0.0522754321033801
"rf_hypercholesterolemiay",-0.052526019513607,"cils","6",0.490161423077325
"rf_hypercholesterolemiay",-0.0500367172062397,"cils","6",0.304928814243363
"rf_hypercholesterolemiay",-0.0545266270637512,"cils","6",0.152634330575931
"rf_hypercholesterolemiay",-0.0533595159649849,"cils","6",0
"rf_smokery",0.175985857844353,"cils","1",0
"rf_smokery",0.175901845097542,"cils","1",0.267621793384217
"rf_smokery",0.183836713433266,"cils","1",0.392884049900959
"rf_smokery",0.180014058947563,"cils","1",0.339494156714823
"rf_smokery",0.17786879837513,"cils","1",0
"rf_smokery",0.136682868003845,"cils","2",0.316382291148896
"rf_smokery",0.141673624515533,"cils","2",0
"rf_smokery",0.134217947721481,"cils","2",0.307693918256822
"rf_smokery",0.141874805092812,"cils","2",0.375923790594282
"rf_smokery",0.134859815239906,"cils","2",0
"rf_smokery",0.110196530818939,"cils","3",0
"rf_smokery",0.115390308201313,"cils","3",0.620652018136316
"rf_smokery",0.112790130078793,"cils","3",0
"rf_smokery",0.106075584888458,"cils","3",0
"rf_smokery",0.115114651620388,"cils","3",0.379347981863684
"rf_smokery",0.111561194062233,"cils","4",0
"rf_smokery",0.111201949417591,"cils","4",0
"rf_smokery",0.114555455744267,"cils","4",0.143165761204164
"rf_smokery",0.107937723398209,"cils","4",0.338951289652579
"rf_smokery",0.119342654943466,"cils","4",0.517882949143256
"rf_smokery",0.0701870173215866,"cils","5",0.12977623126405
"rf_smokery",0.0809729397296906,"cils","5",0
"rf_smokery",0.0795121714472771,"cils","5",0
"rf_smokery",0.0727255120873451,"cils","5",0
"rf_smokery",0.0758081749081612,"cils","5",0.87022376873595
"rf_smokery",0.0962092727422714,"cils","6",0.0522754321033801
"rf_smokery",0.0893202796578407,"cils","6",0.490161423077325
"rf_smokery",0.0879763215780258,"cils","6",0.304928814243363
"rf_smokery",0.0879031717777252,"cils","6",0.152634330575931
"rf_smokery",0.0924393907189369,"cils","6",0
"rf_atrial_fibrillationy",0.0904651135206223,"cils","1",0
"rf_atrial_fibrillationy",0.0890809595584869,"cils","1",0.267621793384217
"rf_atrial_fibrillationy",0.0858614221215248,"cils","1",0.392884049900959
"rf_atrial_fibrillationy",0.0895941033959389,"cils","1",0.339494156714823
"rf_atrial_fibrillationy",0.0956424325704575,"cils","1",0
"rf_atrial_fibrillationy",0.110369347035885,"cils","2",0.316382291148896
"rf_atrial_fibrillationy",0.106929033994675,"cils","2",0
"rf_atrial_fibrillationy",0.107112362980843,"cils","2",0.307693918256822
"rf_atrial_fibrillationy",0.106347985565662,"cils","2",0.375923790594282
"rf_atrial_fibrillationy",0.107233323156834,"cils","2",0
"rf_atrial_fibrillationy",-0.0614377968013287,"cils","3",0
"rf_atrial_fibrillationy",-0.0649139955639839,"cils","3",0.620652018136316
"rf_atrial_fibrillationy",-0.0602160133421421,"cils","3",0
"rf_atrial_fibrillationy",-0.062595434486866,"cils","3",0
"rf_atrial_fibrillationy",-0.0623765587806702,"cils","3",0.379347981863684
"rf_atrial_fibrillationy",0.145079120993614,"cils","4",0
"rf_atrial_fibrillationy",0.149349391460419,"cils","4",0
"rf_atrial_fibrillationy",0.147251114249229,"cils","4",0.143165761204164
"rf_atrial_fibrillationy",0.149588629603386,"cils","4",0.338951289652579
"rf_atrial_fibrillationy",0.142675071954727,"cils","4",0.517882949143256
"rf_atrial_fibrillationy",0.0345051772892475,"cils","5",0.12977623126405
"rf_atrial_fibrillationy",0.0298119634389877,"cils","5",0
"rf_atrial_fibrillationy",0.0253247059881687,"cils","5",0
"rf_atrial_fibrillationy",0.031023683026433,"cils","5",0
"rf_atrial_fibrillationy",0.0268577728420496,"cils","5",0.87022376873595
"rf_atrial_fibrillationy",-0.000859135645441711,"cils","6",0.0522754321033801
"rf_atrial_fibrillationy",0.00031865420169197,"cils","6",0.490161423077325
"rf_atrial_fibrillationy",0.00980187673121691,"cils","6",0.304928814243363
"rf_atrial_fibrillationy",0.00724190007895231,"cils","6",0.152634330575931
"rf_atrial_fibrillationy",0.00750696333125234,"cils","6",0
"rf_chdy",0.178183138370514,"cils","1",0
"rf_chdy",0.175025343894958,"cils","1",0.267621793384217
"rf_chdy",0.183585062623024,"cils","1",0.392884049900959
"rf_chdy",0.177140206098557,"cils","1",0.339494156714823
"rf_chdy",0.179408490657806,"cils","1",0
"rf_chdy",0.029763825237751,"cils","2",0.316382291148896
"rf_chdy",0.0271661691367626,"cils","2",0
"rf_chdy",0.0256040059030056,"cils","2",0.307693918256822
"rf_chdy",0.0249580945819616,"cils","2",0.375923790594282
"rf_chdy",0.0284285563975573,"cils","2",0
"rf_chdy",0.155412614345551,"cils","3",0
"rf_chdy",0.151135623455048,"cils","3",0.620652018136316
"rf_chdy",0.151144132018089,"cils","3",0
"rf_chdy",0.148305669426918,"cils","3",0
"rf_chdy",0.157093212008476,"cils","3",0.379347981863684
"rf_chdy",0.031112689524889,"cils","4",0
"rf_chdy",0.0309420041739941,"cils","4",0
"rf_chdy",0.0316276662051678,"cils","4",0.143165761204164
"rf_chdy",0.035031545907259,"cils","4",0.338951289652579
"rf_chdy",0.0336338542401791,"cils","4",0.517882949143256
"rf_chdy",0.109604299068451,"cils","5",0.12977623126405
"rf_chdy",0.106345273554325,"cils","5",0
"rf_chdy",0.108671940863132,"cils","5",0
"rf_chdy",0.106118708848953,"cils","5",0
"rf_chdy",0.107902124524117,"cils","5",0.87022376873595
"rf_chdy",0.0348788686096668,"cils","6",0.0522754321033801
"rf_chdy",0.0422733537852764,"cils","6",0.490161423077325
"rf_chdy",0.0424267910420895,"cils","6",0.304928814243363
"rf_chdy",0.043756689876318,"cils","6",0.152634330575931
"rf_chdy",0.040277685970068,"cils","6",0
"age",0.00693904375657439,"silscs","1",0
"age",-0.00606621149927378,"silscs","1",0.273195784595574
"age",0.00456947879865766,"silscs","1",0.726804215404426
"age",0.00292367953807116,"silscs","1",0
"age",-0.00296300603076816,"silscs","1",0
"age",-0.0875224098563194,"silscs","2",0.635434737694052
"age",-0.076777808368206,"silscs","2",0.364565262305948
"age",-0.0801335722208023,"silscs","2",0
"age",-0.0716295316815376,"silscs","2",0
"age",-0.077419213950634,"silscs","2",0
"age",-0.0540049746632576,"silscs","3",0
"age",-0.0679915547370911,"silscs","3",0.34809100333987
"age",-0.0443096905946732,"silscs","3",0
"age",-0.0614281967282295,"silscs","3",0.0854364379410082
"age",-0.051728755235672,"silscs","3",0.566472558719121
"age",0.0369974747300148,"silscs","4",0
"age",0.0359053984284401,"silscs","4",1
"age",0.0393985100090504,"silscs","4",0
"age",0.0359014011919498,"silscs","4",0
"age",0.0357938706874847,"silscs","4",0
"age",0.0412773266434669,"silscs","5",0.0752507327887203
"age",0.0372430756688118,"silscs","5",0
"age",0.0400635711848736,"silscs","5",0
"age",0.0319496989250183,"silscs","5",0.477339151571294
"age",0.034580085426569,"silscs","5",0.447410115639986
"age",0.0954043567180634,"silscs","6",0.150536954158672
"age",0.0949963107705116,"silscs","6",0
"age",0.0927835330367088,"silscs","6",0
"age",0.0955695062875748,"silscs","6",0.837930803495633
"age",0.0959159880876541,"silscs","6",0.011532242345695
"sexm",-0.00319928582757711,"silscs","1",0
"sexm",0.00575144402682781,"silscs","1",0.273195784595574
"sexm",-0.00340601685456932,"silscs","1",0.726804215404426
"sexm",-0.00490874331444502,"silscs","1",0
"sexm",0.000371874310076237,"silscs","1",0
"sexm",0.042728703469038,"silscs","2",0.635434737694052
"sexm",0.0428752601146698,"silscs","2",0.364565262305948
"sexm",0.0460457876324654,"silscs","2",0
"sexm",0.0422691032290459,"silscs","2",0
"sexm",0.0441691428422928,"silscs","2",0
"sexm",-0.0247148778289557,"silscs","3",0
"sexm",-0.0247543323785067,"silscs","3",0.34809100333987
"sexm",-0.0287949945777655,"silscs","3",0
"sexm",-0.0231120064854622,"silscs","3",0.0854364379410082
"sexm",-0.0222503487020731,"silscs","3",0.566472558719121
"sexm",-0.0190220735967159,"silscs","4",0
"sexm",-0.0199226494878531,"silscs","4",1
"sexm",-0.0212253201752901,"silscs","4",0
"sexm",-0.0222862232476473,"silscs","4",0
"sexm",-0.0206783525645733,"silscs","4",0
"sexm",0.0463515222072601,"silscs","5",0.0752507327887203
"sexm",0.053360790014267,"silscs","5",0
"sexm",0.0533022508025169,"silscs","5",0
"sexm",0.0574012212455273,"silscs","5",0.477339151571294
"sexm",0.051803108304739,"silscs","5",0.447410115639986
"sexm",-0.0119875576347113,"silscs","6",0.150536954158672
"sexm",-0.00917818676680326,"silscs","6",0
"sexm",-0.0149038629606366,"silscs","6",0
"sexm",-0.0128772025927901,"silscs","6",0.837930803495633
"sexm",-0.0112250614911318,"silscs","6",0.011532242345695
"nihss_baseline",0.91106379032135,"silscs","1",0
"nihss_baseline",0.91196995973587,"silscs","1",0.273195784595574
"nihss_baseline",0.911444008350372,"silscs","1",0.726804215404426
"nihss_baseline",0.914532423019409,"silscs","1",0
"nihss_baseline",0.910449624061584,"silscs","1",0
"nihss_baseline",0.91287225484848,"silscs","2",0.635434737694052
"nihss_baseline",0.926016867160797,"silscs","2",0.364565262305948
"nihss_baseline",0.925939857959747,"silscs","2",0
"nihss_baseline",0.934172093868256,"silscs","2",0
"nihss_baseline",0.937239229679108,"silscs","2",0
"nihss_baseline",1.03773474693298,"silscs","3",0
"nihss_baseline",1.03599452972412,"silscs","3",0.34809100333987
"nihss_baseline",1.03586888313293,"silscs","3",0
"nihss_baseline",1.03748178482056,"silscs","3",0.0854364379410082
"nihss_baseline",1.0354311466217,"silscs","3",0.566472558719121
"nihss_baseline",1.25371193885803,"silscs","4",0
"nihss_baseline",1.25043702125549,"silscs","4",1
"nihss_baseline",1.25103974342346,"silscs","4",0
"nihss_baseline",1.25340378284454,"silscs","4",0
"nihss_baseline",1.24865996837616,"silscs","4",0
"nihss_baseline",0.988381087779999,"silscs","5",0.0752507327887203
"nihss_baseline",0.978887736797333,"silscs","5",0
"nihss_baseline",0.981509268283844,"silscs","5",0
"nihss_baseline",0.977721571922302,"silscs","5",0.477339151571294
"nihss_baseline",0.970782160758972,"silscs","5",0.447410115639986
"nihss_baseline",0.97975093126297,"silscs","6",0.150536954158672
"nihss_baseline",0.977513909339905,"silscs","6",0
"nihss_baseline",0.978536605834961,"silscs","6",0
"nihss_baseline",0.974428951740265,"silscs","6",0.837930803495633
"nihss_baseline",0.976262509822845,"silscs","6",0.011532242345695
"mrs_before1",0.47718021273613,"silscs","1",0
"mrs_before1",0.477328181266785,"silscs","1",0.273195784595574
"mrs_before1",0.479340404272079,"silscs","1",0.726804215404426
"mrs_before1",0.481788009405136,"silscs","1",0
"mrs_before1",0.478613466024399,"silscs","1",0
"mrs_before1",0.315780162811279,"silscs","2",0.635434737694052
"mrs_before1",0.317094653844833,"silscs","2",0.364565262305948
"mrs_before1",0.316360116004944,"silscs","2",0
"mrs_before1",0.315213054418564,"silscs","2",0
"mrs_before1",0.316279381513596,"silscs","2",0
"mrs_before1",0.588637292385101,"silscs","3",0
"mrs_before1",0.585074424743652,"silscs","3",0.34809100333987
"mrs_before1",0.584018290042877,"silscs","3",0
"mrs_before1",0.587373495101929,"silscs","3",0.0854364379410082
"mrs_before1",0.586959064006805,"silscs","3",0.566472558719121
"mrs_before1",0.74711936712265,"silscs","4",0
"mrs_before1",0.748634219169617,"silscs","4",1
"mrs_before1",0.745341837406158,"silscs","4",0
"mrs_before1",0.747376978397369,"silscs","4",0
"mrs_before1",0.74546754360199,"silscs","4",0
"mrs_before1",0.750044167041779,"silscs","5",0.0752507327887203
"mrs_before1",0.749263882637024,"silscs","5",0
"mrs_before1",0.750799655914307,"silscs","5",0
"mrs_before1",0.750425398349762,"silscs","5",0.477339151571294
"mrs_before1",0.747388660907745,"silscs","5",0.447410115639986
"mrs_before1",0.330251157283783,"silscs","6",0.150536954158672
"mrs_before1",0.331585973501205,"silscs","6",0
"mrs_before1",0.331072270870209,"silscs","6",0
"mrs_before1",0.336242944002151,"silscs","6",0.837930803495633
"mrs_before1",0.338874191045761,"silscs","6",0.011532242345695
"mrs_before2",1.73013043403625,"silscs","1",0
"mrs_before2",1.72709667682648,"silscs","1",0.273195784595574
"mrs_before2",1.72507953643799,"silscs","1",0.726804215404426
"mrs_before2",1.72819578647614,"silscs","1",0
"mrs_before2",1.72362399101257,"silscs","1",0
"mrs_before2",1.65446388721466,"silscs","2",0.635434737694052
"mrs_before2",1.6524418592453,"silscs","2",0.364565262305948
"mrs_before2",1.65415179729462,"silscs","2",0
"mrs_before2",1.65175211429596,"silscs","2",0
"mrs_before2",1.6520003080368,"silscs","2",0
"mrs_before2",1.87947237491608,"silscs","3",0
"mrs_before2",1.88299822807312,"silscs","3",0.34809100333987
"mrs_before2",1.88168799877167,"silscs","3",0
"mrs_before2",1.87661278247833,"silscs","3",0.0854364379410082
"mrs_before2",1.87627053260803,"silscs","3",0.566472558719121
"mrs_before2",1.48472630977631,"silscs","4",0
"mrs_before2",1.48420262336731,"silscs","4",1
"mrs_before2",1.48530972003937,"silscs","4",0
"mrs_before2",1.48644697666168,"silscs","4",0
"mrs_before2",1.48608076572418,"silscs","4",0
"mrs_before2",1.61582171916962,"silscs","5",0.0752507327887203
"mrs_before2",1.61296963691711,"silscs","5",0
"mrs_before2",1.61257076263428,"silscs","5",0
"mrs_before2",1.61380994319916,"silscs","5",0.477339151571294
"mrs_before2",1.61227667331696,"silscs","5",0.447410115639986
"mrs_before2",1.41713738441467,"silscs","6",0.150536954158672
"mrs_before2",1.41899418830872,"silscs","6",0
"mrs_before2",1.41692268848419,"silscs","6",0
"mrs_before2",1.42076623439789,"silscs","6",0.837930803495633
"mrs_before2",1.41835725307465,"silscs","6",0.011532242345695
"mrs_before3",0.934145510196686,"silscs","1",0
"mrs_before3",0.92875999212265,"silscs","1",0.273195784595574
"mrs_before3",0.936029672622681,"silscs","1",0.726804215404426
"mrs_before3",0.933522522449493,"silscs","1",0
"mrs_before3",0.933520793914795,"silscs","1",0
"mrs_before3",0.956553161144257,"silscs","2",0.635434737694052
"mrs_before3",0.962209343910217,"silscs","2",0.364565262305948
"mrs_before3",0.961025655269623,"silscs","2",0
"mrs_before3",0.962007224559784,"silscs","2",0
"mrs_before3",0.963289678096771,"silscs","2",0
"mrs_before3",1.51754367351532,"silscs","3",0
"mrs_before3",1.50822997093201,"silscs","3",0.34809100333987
"mrs_before3",1.51964378356934,"silscs","3",0
"mrs_before3",1.51076459884644,"silscs","3",0.0854364379410082
"mrs_before3",1.51347625255585,"silscs","3",0.566472558719121
"mrs_before3",1.19847404956818,"silscs","4",0
"mrs_before3",1.19635307788849,"silscs","4",1
"mrs_before3",1.19741988182068,"silscs","4",0
"mrs_before3",1.1988673210144,"silscs","4",0
"mrs_before3",1.19831776618958,"silscs","4",0
"mrs_before3",1.09200978279114,"silscs","5",0.0752507327887203
"mrs_before3",1.0887690782547,"silscs","5",0
"mrs_before3",1.086754322052,"silscs","5",0
"mrs_before3",1.08089959621429,"silscs","5",0.477339151571294
"mrs_before3",1.08062839508057,"silscs","5",0.447410115639986
"mrs_before3",1.00998294353485,"silscs","6",0.150536954158672
"mrs_before3",1.01081764698029,"silscs","6",0
"mrs_before3",1.01131844520569,"silscs","6",0
"mrs_before3",1.01397275924683,"silscs","6",0.837930803495633
"mrs_before3",1.0137232542038,"silscs","6",0.011532242345695
"mrs_before4",1.91200566291809,"silscs","1",0
"mrs_before4",1.91141641139984,"silscs","1",0.273195784595574
"mrs_before4",1.9084450006485,"silscs","1",0.726804215404426
"mrs_before4",1.91326606273651,"silscs","1",0
"mrs_before4",1.91152155399323,"silscs","1",0
"mrs_before4",0.818773329257965,"silscs","2",0.635434737694052
"mrs_before4",0.825315058231354,"silscs","2",0.364565262305948
"mrs_before4",0.828115105628967,"silscs","2",0
"mrs_before4",0.836548209190369,"silscs","2",0
"mrs_before4",0.835761308670044,"silscs","2",0
"mrs_before4",2.22775411605835,"silscs","3",0
"mrs_before4",2.23332238197327,"silscs","3",0.34809100333987
"mrs_before4",2.23437237739563,"silscs","3",0
"mrs_before4",2.2312126159668,"silscs","3",0.0854364379410082
"mrs_before4",2.23553347587585,"silscs","3",0.566472558719121
"mrs_before4",1.69071745872498,"silscs","4",0
"mrs_before4",1.69032192230225,"silscs","4",1
"mrs_before4",1.68794560432434,"silscs","4",0
"mrs_before4",1.68727934360504,"silscs","4",0
"mrs_before4",1.69075787067413,"silscs","4",0
"mrs_before4",1.80796492099762,"silscs","5",0.0752507327887203
"mrs_before4",1.80823075771332,"silscs","5",0
"mrs_before4",1.8075293302536,"silscs","5",0
"mrs_before4",1.80215775966644,"silscs","5",0.477339151571294
"mrs_before4",1.80470478534698,"silscs","5",0.447410115639986
"mrs_before4",2.78216409683228,"silscs","6",0.150536954158672
"mrs_before4",2.7893922328949,"silscs","6",0
"mrs_before4",2.78793168067932,"silscs","6",0
"mrs_before4",2.79301285743713,"silscs","6",0.837930803495633
"mrs_before4",2.7954113483429,"silscs","6",0.011532242345695
"stroke_beforey",0.0316628366708755,"silscs","1",0
"stroke_beforey",0.0307693332433701,"silscs","1",0.273195784595574
"stroke_beforey",0.0346744321286678,"silscs","1",0.726804215404426
"stroke_beforey",0.0298221688717604,"silscs","1",0
"stroke_beforey",0.0299772825092077,"silscs","1",0
"stroke_beforey",0.228609040379524,"silscs","2",0.635434737694052
"stroke_beforey",0.230953231453896,"silscs","2",0.364565262305948
"stroke_beforey",0.228316083550453,"silscs","2",0
"stroke_beforey",0.229495242238045,"silscs","2",0
"stroke_beforey",0.227899834513664,"silscs","2",0
"stroke_beforey",0.105240404605865,"silscs","3",0
"stroke_beforey",0.0992299467325211,"silscs","3",0.34809100333987
"stroke_beforey",0.109888359904289,"silscs","3",0
"stroke_beforey",0.107216589152813,"silscs","3",0.0854364379410082
"stroke_beforey",0.106443352997303,"silscs","3",0.566472558719121
"stroke_beforey",0.172108337283134,"silscs","4",0
"stroke_beforey",0.170260354876518,"silscs","4",1
"stroke_beforey",0.172624930739403,"silscs","4",0
"stroke_beforey",0.169061005115509,"silscs","4",0
"stroke_beforey",0.174113065004349,"silscs","4",0
"stroke_beforey",0.132137686014175,"silscs","5",0.0752507327887203
"stroke_beforey",0.130476698279381,"silscs","5",0
"stroke_beforey",0.132300868630409,"silscs","5",0
"stroke_beforey",0.131558418273926,"silscs","5",0.477339151571294
"stroke_beforey",0.132994696497917,"silscs","5",0.447410115639986
"stroke_beforey",0.190461650490761,"silscs","6",0.150536954158672
"stroke_beforey",0.188383743166924,"silscs","6",0
"stroke_beforey",0.189234793186188,"silscs","6",0
"stroke_beforey",0.192667916417122,"silscs","6",0.837930803495633
"stroke_beforey",0.194320768117905,"silscs","6",0.011532242345695
"tia_beforey",0.0409816429018974,"silscs","1",0
"tia_beforey",0.041893545538187,"silscs","1",0.273195784595574
"tia_beforey",0.0409050509333611,"silscs","1",0.726804215404426
"tia_beforey",0.0390736497938633,"silscs","1",0
"tia_beforey",0.0391618050634861,"silscs","1",0
"tia_beforey",0.0200049821287394,"silscs","2",0.635434737694052
"tia_beforey",0.0176572538912296,"silscs","2",0.364565262305948
"tia_beforey",0.0190742239356041,"silscs","2",0
"tia_beforey",0.0161909405142069,"silscs","2",0
"tia_beforey",0.0160404667258263,"silscs","2",0
"tia_beforey",0.0431163460016251,"silscs","3",0
"tia_beforey",0.0454620867967606,"silscs","3",0.34809100333987
"tia_beforey",0.0426996424794197,"silscs","3",0
"tia_beforey",0.0435404591262341,"silscs","3",0.0854364379410082
"tia_beforey",0.0415951497852802,"silscs","3",0.566472558719121
"tia_beforey",0.0360224172472954,"silscs","4",0
"tia_beforey",0.0341825857758522,"silscs","4",1
"tia_beforey",0.0346893854439259,"silscs","4",0
"tia_beforey",0.0329510197043419,"silscs","4",0
"tia_beforey",0.0331347621977329,"silscs","4",0
"tia_beforey",0.0213868953287601,"silscs","5",0.0752507327887203
"tia_beforey",0.020049462094903,"silscs","5",0
"tia_beforey",0.0202816799283028,"silscs","5",0
"tia_beforey",0.0187258739024401,"silscs","5",0.477339151571294
"tia_beforey",0.0256841089576483,"silscs","5",0.447410115639986
"tia_beforey",0.166798248887062,"silscs","6",0.150536954158672
"tia_beforey",0.16775569319725,"silscs","6",0
"tia_beforey",0.166138008236885,"silscs","6",0
"tia_beforey",0.16701751947403,"silscs","6",0.837930803495633
"tia_beforey",0.166664615273476,"silscs","6",0.011532242345695
"rf_hypertoniay",0.247888639569283,"silscs","1",0
"rf_hypertoniay",0.249068766832352,"silscs","1",0.273195784595574
"rf_hypertoniay",0.247447475790977,"silscs","1",0.726804215404426
"rf_hypertoniay",0.248368740081787,"silscs","1",0
"rf_hypertoniay",0.246769219636917,"silscs","1",0
"rf_hypertoniay",0.223062425851822,"silscs","2",0.635434737694052
"rf_hypertoniay",0.223447293043137,"silscs","2",0.364565262305948
"rf_hypertoniay",0.222572818398476,"silscs","2",0
"rf_hypertoniay",0.222901523113251,"silscs","2",0
"rf_hypertoniay",0.221892565488815,"silscs","2",0
"rf_hypertoniay",0.195236891508102,"silscs","3",0
"rf_hypertoniay",0.191940322518349,"silscs","3",0.34809100333987
"rf_hypertoniay",0.200642496347427,"silscs","3",0
"rf_hypertoniay",0.191874235868454,"silscs","3",0.0854364379410082
"rf_hypertoniay",0.198303312063217,"silscs","3",0.566472558719121
"rf_hypertoniay",0.185383185744286,"silscs","4",0
"rf_hypertoniay",0.186686500906944,"silscs","4",1
"rf_hypertoniay",0.18606498837471,"silscs","4",0
"rf_hypertoniay",0.183025047183037,"silscs","4",0
"rf_hypertoniay",0.185396730899811,"silscs","4",0
"rf_hypertoniay",0.199912339448929,"silscs","5",0.0752507327887203
"rf_hypertoniay",0.197441563010216,"silscs","5",0
"rf_hypertoniay",0.199931904673576,"silscs","5",0
"rf_hypertoniay",0.195769652724266,"silscs","5",0.477339151571294
"rf_hypertoniay",0.197930678725243,"silscs","5",0.447410115639986
"rf_hypertoniay",0.190550521016121,"silscs","6",0.150536954158672
"rf_hypertoniay",0.191257774829865,"silscs","6",0
"rf_hypertoniay",0.189094319939613,"silscs","6",0
"rf_hypertoniay",0.192595988512039,"silscs","6",0.837930803495633
"rf_hypertoniay",0.189782693982124,"silscs","6",0.011532242345695
"rf_diabetesy",-0.0757737830281258,"silscs","1",0
"rf_diabetesy",-0.0810966193675995,"silscs","1",0.273195784595574
"rf_diabetesy",-0.0772223398089409,"silscs","1",0.726804215404426
"rf_diabetesy",-0.0766338407993317,"silscs","1",0
"rf_diabetesy",-0.0781563296914101,"silscs","1",0
"rf_diabetesy",0.0254014153033495,"silscs","2",0.635434737694052
"rf_diabetesy",0.035204540938139,"silscs","2",0.364565262305948
"rf_diabetesy",0.0354949757456779,"silscs","2",0
"rf_diabetesy",0.0394151024520397,"silscs","2",0
"rf_diabetesy",0.0392534472048283,"silscs","2",0
"rf_diabetesy",0.0140704978257418,"silscs","3",0
"rf_diabetesy",0.0082509582862258,"silscs","3",0.34809100333987
"rf_diabetesy",0.023469178006053,"silscs","3",0
"rf_diabetesy",0.0120583893731236,"silscs","3",0.0854364379410082
"rf_diabetesy",0.0164233017712831,"silscs","3",0.566472558719121
"rf_diabetesy",-0.0196549128741026,"silscs","4",0
"rf_diabetesy",-0.0203233640640974,"silscs","4",1
"rf_diabetesy",-0.0198518317192793,"silscs","4",0
"rf_diabetesy",-0.0234760548919439,"silscs","4",0
"rf_diabetesy",-0.0213622935116291,"silscs","4",0
"rf_diabetesy",-0.082058385014534,"silscs","5",0.0752507327887203
"rf_diabetesy",-0.0833769291639328,"silscs","5",0
"rf_diabetesy",-0.0840038135647774,"silscs","5",0
"rf_diabetesy",-0.0916877165436745,"silscs","5",0.477339151571294
"rf_diabetesy",-0.0948620215058327,"silscs","5",0.447410115639986
"rf_diabetesy",-0.104936391115189,"silscs","6",0.150536954158672
"rf_diabetesy",-0.105650208890438,"silscs","6",0
"rf_diabetesy",-0.104170814156532,"silscs","6",0
"rf_diabetesy",-0.104721710085869,"silscs","6",0.837930803495633
"rf_diabetesy",-0.1044692248106,"silscs","6",0.011532242345695
"rf_hypercholesterolemiay",-0.0898800939321518,"silscs","1",0
"rf_hypercholesterolemiay",-0.0924592837691307,"silscs","1",0.273195784595574
"rf_hypercholesterolemiay",-0.0897530317306519,"silscs","1",0.726804215404426
"rf_hypercholesterolemiay",-0.0917689874768257,"silscs","1",0
"rf_hypercholesterolemiay",-0.0929300040006638,"silscs","1",0
"rf_hypercholesterolemiay",-0.0150626013055444,"silscs","2",0.635434737694052
"rf_hypercholesterolemiay",-0.0130214998498559,"silscs","2",0.364565262305948
"rf_hypercholesterolemiay",-0.0123559581115842,"silscs","2",0
"rf_hypercholesterolemiay",-0.0114119602367282,"silscs","2",0
"rf_hypercholesterolemiay",-0.0136561822146177,"silscs","2",0
"rf_hypercholesterolemiay",-0.165528014302254,"silscs","3",0
"rf_hypercholesterolemiay",-0.16991414129734,"silscs","3",0.34809100333987
"rf_hypercholesterolemiay",-0.165316313505173,"silscs","3",0
"rf_hypercholesterolemiay",-0.169168278574944,"silscs","3",0.0854364379410082
"rf_hypercholesterolemiay",-0.167172789573669,"silscs","3",0.566472558719121
"rf_hypercholesterolemiay",0.0403291173279285,"silscs","4",0
"rf_hypercholesterolemiay",0.0396500565111637,"silscs","4",1
"rf_hypercholesterolemiay",0.0427756197750568,"silscs","4",0
"rf_hypercholesterolemiay",0.0429494567215443,"silscs","4",0
"rf_hypercholesterolemiay",0.039839044213295,"silscs","4",0
"rf_hypercholesterolemiay",-0.148370653390884,"silscs","5",0.0752507327887203
"rf_hypercholesterolemiay",-0.152223110198975,"silscs","5",0
"rf_hypercholesterolemiay",-0.149582013487816,"silscs","5",0
"rf_hypercholesterolemiay",-0.157317191362381,"silscs","5",0.477339151571294
"rf_hypercholesterolemiay",-0.156194075942039,"silscs","5",0.447410115639986
"rf_hypercholesterolemiay",-0.0509722977876663,"silscs","6",0.150536954158672
"rf_hypercholesterolemiay",-0.0510441586375237,"silscs","6",0
"rf_hypercholesterolemiay",-0.0506319105625153,"silscs","6",0
"rf_hypercholesterolemiay",-0.0502427853643894,"silscs","6",0.837930803495633
"rf_hypercholesterolemiay",-0.0507221259176731,"silscs","6",0.011532242345695
"rf_smokery",0.172403857111931,"silscs","1",0
"rf_smokery",0.180045425891876,"silscs","1",0.273195784595574
"rf_smokery",0.171444714069366,"silscs","1",0.726804215404426
"rf_smokery",0.173821806907654,"silscs","1",0
"rf_smokery",0.17593277990818,"silscs","1",0
"rf_smokery",0.149193152785301,"silscs","2",0.635434737694052
"rf_smokery",0.137250676751137,"silscs","2",0.364565262305948
"rf_smokery",0.143822178244591,"silscs","2",0
"rf_smokery",0.132967367768288,"silscs","2",0
"rf_smokery",0.135706827044487,"silscs","2",0
"rf_smokery",0.114438556134701,"silscs","3",0
"rf_smokery",0.116617470979691,"silscs","3",0.34809100333987
"rf_smokery",0.10091308504343,"silscs","3",0
"rf_smokery",0.118546828627586,"silscs","3",0.0854364379410082
"rf_smokery",0.106989517807961,"silscs","3",0.566472558719121
"rf_smokery",0.112829580903053,"silscs","4",0
"rf_smokery",0.110867738723755,"silscs","4",1
"rf_smokery",0.11145818978548,"silscs","4",0
"rf_smokery",0.111358113586903,"silscs","4",0
"rf_smokery",0.112835295498371,"silscs","4",0
"rf_smokery",0.0702242329716682,"silscs","5",0.0752507327887203
"rf_smokery",0.0749646797776222,"silscs","5",0
"rf_smokery",0.0744190365076065,"silscs","5",0
"rf_smokery",0.0872355028986931,"silscs","5",0.477339151571294
"rf_smokery",0.0820285007357597,"silscs","5",0.447410115639986
"rf_smokery",0.0922784209251404,"silscs","6",0.150536954158672
"rf_smokery",0.092905692756176,"silscs","6",0
"rf_smokery",0.0924247056245804,"silscs","6",0
"rf_smokery",0.0908623710274696,"silscs","6",0.837930803495633
"rf_smokery",0.0893644616007805,"silscs","6",0.011532242345695
"rf_atrial_fibrillationy",0.0918371975421906,"silscs","1",0
"rf_atrial_fibrillationy",0.0886946246027946,"silscs","1",0.273195784595574
"rf_atrial_fibrillationy",0.0895794481039047,"silscs","1",0.726804215404426
"rf_atrial_fibrillationy",0.092629462480545,"silscs","1",0
"rf_atrial_fibrillationy",0.0888611301779747,"silscs","1",0
"rf_atrial_fibrillationy",0.0996138155460358,"silscs","2",0.635434737694052
"rf_atrial_fibrillationy",0.10300474613905,"silscs","2",0.364565262305948
"rf_atrial_fibrillationy",0.105782821774483,"silscs","2",0
"rf_atrial_fibrillationy",0.110596232116222,"silscs","2",0
"rf_atrial_fibrillationy",0.108096748590469,"silscs","2",0
"rf_atrial_fibrillationy",-0.068152628839016,"silscs","3",0
"rf_atrial_fibrillationy",-0.0740754827857018,"silscs","3",0.34809100333987
"rf_atrial_fibrillationy",-0.0659564509987831,"silscs","3",0
"rf_atrial_fibrillationy",-0.0682156458497047,"silscs","3",0.0854364379410082
"rf_atrial_fibrillationy",-0.0688174068927765,"silscs","3",0.566472558719121
"rf_atrial_fibrillationy",0.151448622345924,"silscs","4",0
"rf_atrial_fibrillationy",0.149579793214798,"silscs","4",1
"rf_atrial_fibrillationy",0.152567028999329,"silscs","4",0
"rf_atrial_fibrillationy",0.152590349316597,"silscs","4",0
"rf_atrial_fibrillationy",0.150684803724289,"silscs","4",0
"rf_atrial_fibrillationy",0.0354783907532692,"silscs","5",0.0752507327887203
"rf_atrial_fibrillationy",0.0317173451185226,"silscs","5",0
"rf_atrial_fibrillationy",0.033925574272871,"silscs","5",0
"rf_atrial_fibrillationy",0.0287316311150789,"silscs","5",0.477339151571294
"rf_atrial_fibrillationy",0.0279582086950541,"silscs","5",0.447410115639986
"rf_atrial_fibrillationy",0.00841007381677628,"silscs","6",0.150536954158672
"rf_atrial_fibrillationy",0.00980202574282885,"silscs","6",0
"rf_atrial_fibrillationy",0.0102510824799538,"silscs","6",0
"rf_atrial_fibrillationy",0.00790526624768972,"silscs","6",0.837930803495633
"rf_atrial_fibrillationy",0.0102067887783051,"silscs","6",0.011532242345695
"rf_chdy",0.17791260778904,"silscs","1",0
"rf_chdy",0.18381667137146,"silscs","1",0.273195784595574
"rf_chdy",0.176379770040512,"silscs","1",0.726804215404426
"rf_chdy",0.180246874690056,"silscs","1",0
"rf_chdy",0.180565968155861,"silscs","1",0
"rf_chdy",0.0320781916379929,"silscs","2",0.635434737694052
"rf_chdy",0.0335687845945358,"silscs","2",0.364565262305948
"rf_chdy",0.0362838581204414,"silscs","2",0
"rf_chdy",0.0326913110911846,"silscs","2",0
"rf_chdy",0.0340937189757824,"silscs","2",0
"rf_chdy",0.157926455140114,"silscs","3",0
"rf_chdy",0.153788104653358,"silscs","3",0.34809100333987
"rf_chdy",0.149606868624687,"silscs","3",0
"rf_chdy",0.154403656721115,"silscs","3",0.0854364379410082
"rf_chdy",0.151806399226189,"silscs","3",0.566472558719121
"rf_chdy",0.0359918996691704,"silscs","4",0
"rf_chdy",0.0359793603420258,"silscs","4",1
"rf_chdy",0.0380330346524715,"silscs","4",0
"rf_chdy",0.0346764884889126,"silscs","4",0
"rf_chdy",0.0374243929982185,"silscs","4",0
"rf_chdy",0.109272457659245,"silscs","5",0.0752507327887203
"rf_chdy",0.110088467597961,"silscs","5",0
"rf_chdy",0.110023856163025,"silscs","5",0
"rf_chdy",0.115629747509956,"silscs","5",0.477339151571294
"rf_chdy",0.114445246756077,"silscs","5",0.447410115639986
"rf_chdy",0.0417687296867371,"silscs","6",0.150536954158672
"rf_chdy",0.0405002124607563,"silscs","6",0
"rf_chdy",0.0407958254218102,"silscs","6",0
"rf_chdy",0.0447640456259251,"silscs","6",0.837930803495633
"rf_chdy",0.0411544851958752,"silscs","6",0.011532242345695
"age",0.00859132274392477,"sils","1",1
"age",-0.0693250799266359,"sils","2",1
"age",-0.0443274982624758,"sils","3",1
"age",0.0385247236951116,"sils","4",1
"age",0.0438562636981674,"sils","5",1
"age",0.096921990523281,"sils","6",1
"sexm",-0.00533702468025746,"sils","1",1
"sexm",0.0440683453699336,"sils","2",1
"sexm",-0.0290074380391121,"sils","3",1
"sexm",-0.0194842694483044,"sils","4",1
"sexm",0.045109628190953,"sils","5",1
"sexm",-0.0154493238251085,"sils","6",1
"nihss_baseline",0.913285741420524,"sils","1",1
"nihss_baseline",0.933914564939607,"sils","2",1
"nihss_baseline",1.03764129997188,"sils","3",1
"nihss_baseline",1.25257241622143,"sils","4",1
"nihss_baseline",0.987992475550756,"sils","5",1
"nihss_baseline",0.979123744408685,"sils","6",1
"mrs_before1",0.477542445636221,"sils","1",1
"mrs_before1",0.313079977229973,"sils","2",1
"mrs_before1",0.585210892147482,"sils","3",1
"mrs_before1",0.748445589362993,"sils","4",1
"mrs_before1",0.749485817936788,"sils","5",1
"mrs_before1",0.332397591897211,"sils","6",1
"mrs_before2",1.73014378239473,"sils","1",1
"mrs_before2",1.65364183985499,"sils","2",1
"mrs_before2",1.88028831810834,"sils","3",1
"mrs_before2",1.48584758998698,"sils","4",1
"mrs_before2",1.61432816475658,"sils","5",1
"mrs_before2",1.41819473224595,"sils","6",1
"mrs_before3",0.939229002864053,"sils","1",1
"mrs_before3",0.962541226684726,"sils","2",1
"mrs_before3",1.51966647689134,"sils","3",1
"mrs_before3",1.1974457785967,"sils","4",1
"mrs_before3",1.0899250819682,"sils","5",1
"mrs_before3",1.01237836488427,"sils","6",1
"mrs_before4",1.91247141815424,"sils","1",1
"mrs_before4",0.837508827570042,"sils","2",1
"mrs_before4",2.23576432954028,"sils","3",1
"mrs_before4",1.69014026069561,"sils","4",1
"mrs_before4",1.80813910998231,"sils","5",1
"mrs_before4",2.78214536974847,"sils","6",1
"stroke_beforey",0.033867287624039,"sils","1",1
"stroke_beforey",0.231370289660482,"sils","2",1
"stroke_beforey",0.111640592323396,"sils","3",1
"stroke_beforey",0.172196704348162,"sils","4",1
"stroke_beforey",0.131513925674484,"sils","5",1
"stroke_beforey",0.190160636863195,"sils","6",1
"tia_beforey",0.039877328069752,"sils","1",1
"tia_beforey",0.017165186688723,"sils","2",1
"tia_beforey",0.0425526391889253,"sils","3",1
"tia_beforey",0.0344324186862034,"sils","4",1
"tia_beforey",0.021066917731644,"sils","5",1
"tia_beforey",0.165956690524689,"sils","6",1
"rf_hypertoniay",0.247318226440093,"sils","1",1
"rf_hypertoniay",0.225517436372854,"sils","2",1
"rf_hypertoniay",0.200120089479712,"sils","3",1
"rf_hypertoniay",0.184936131881252,"sils","4",1
"rf_hypertoniay",0.198687998897432,"sils","5",1
"rf_hypertoniay",0.19090851693706,"sils","6",1
"rf_diabetesy",-0.0709979651634784,"sils","1",1
"rf_diabetesy",0.0415050113822751,"sils","2",1
"rf_diabetesy",0.0228942860549664,"sils","3",1
"rf_diabetesy",-0.0203865321195382,"sils","4",1
"rf_diabetesy",-0.0823084693705888,"sils","5",1
"rf_diabetesy",-0.102690431954119,"sils","6",1
"rf_hypercholesterolemiay",-0.0912873235099954,"sils","1",1
"rf_hypercholesterolemiay",-0.012130746072892,"sils","2",1
"rf_hypercholesterolemiay",-0.166827684550838,"sils","3",1
"rf_hypercholesterolemiay",0.040379892320185,"sils","4",1
"rf_hypercholesterolemiay",-0.1491129560418,"sils","5",1
"rf_hypercholesterolemiay",-0.0515239674924693,"sils","6",1
"rf_smokery",0.167840413712993,"sils","1",1
"rf_smokery",0.131538525619444,"sils","2",1
"rf_smokery",0.101011497876412,"sils","3",1
"rf_smokery",0.110483429801595,"sils","4",1
"rf_smokery",0.0700319192431059,"sils","5",1
"rf_smokery",0.0909382844255334,"sils","6",1
"rf_atrial_fibrillationy",0.092321943956697,"sils","1",1
"rf_atrial_fibrillationy",0.109479997032032,"sils","2",1
"rf_atrial_fibrillationy",-0.0650755265375344,"sils","3",1
"rf_atrial_fibrillationy",0.151716218092565,"sils","4",1
"rf_atrial_fibrillationy",0.0346378376833909,"sils","5",1
"rf_atrial_fibrillationy",0.0105821610589846,"sils","6",1
"rf_chdy",0.176433902958097,"sils","1",1
"rf_chdy",0.032573953176662,"sils","2",1
"rf_chdy",0.148029550244641,"sils","3",1
"rf_chdy",0.0358695595603871,"sils","4",1
"rf_chdy",0.109419286839701,"sils","5",1
"rf_chdy",0.0420267129657907,"sils","6",1
